advantage_mean,behavior_temperature,checkpoint_path,checkpoint_sha256,clip_eps,config_key,config_key_label,config_path,count,entropy_coef,iteration,lr,negative_advantage_count,opponent_mode,pilot_config_id,positive_advantage_count,ratio_mode,rerun_config_id,return_mean,rule_kl_coef,rule_score_scale,selected_prior_rank,source_config_id,terminal_reward_mean,update_epochs,zero_advantage_count
0.012949851609892765,1.25,reports/keqingrl_discard_research_20260425_candidates_checkpoint_rerun/configs/rerun_000_source_93/policy_final.pt,689ed3bc4eacbde87049309fe6a37182cffa1baa03338b8ed653ebab516854fc,0.2,"{""entropy_coef"":0.01,""lr"":3e-05,""opponent_mode"":""rulebase"",""rule_kl_coef"":0.01}",rulebase/rule_kl=0.01/entropy=0.01/lr=3e-05,reports/keqingrl_discard_research_20260425_candidates_checkpoint_rerun/configs/rerun_000_source_93/config.json,118,0.01,0,0.003,52,rulebase,0,66,tempered_current_logits,0,-0.21930394056489913,0.01,1.0,1,93,-0.1483050847457627,8,0
-0.06583152072770256,1.25,reports/keqingrl_discard_research_20260425_candidates_checkpoint_rerun/configs/rerun_000_source_93/policy_final.pt,689ed3bc4eacbde87049309fe6a37182cffa1baa03338b8ed653ebab516854fc,0.2,"{""entropy_coef"":0.01,""lr"":3e-05,""opponent_mode"":""rulebase"",""rule_kl_coef"":0.01}",rulebase/rule_kl=0.01/entropy=0.01/lr=3e-05,reports/keqingrl_discard_research_20260425_candidates_checkpoint_rerun/configs/rerun_000_source_93/config.json,14,0.01,0,0.003,6,rulebase,0,8,tempered_current_logits,0,-0.292757973074913,0.01,1.0,2,93,-0.07142857142857142,8,0
-0.147300433028828,1.25,reports/keqingrl_discard_research_20260425_candidates_checkpoint_rerun/configs/rerun_000_source_93/policy_final.pt,689ed3bc4eacbde87049309fe6a37182cffa1baa03338b8ed653ebab516854fc,0.2,"{""entropy_coef"":0.01,""lr"":3e-05,""opponent_mode"":""rulebase"",""rule_kl_coef"":0.01}",rulebase/rule_kl=0.01/entropy=0.01/lr=3e-05,reports/keqingrl_discard_research_20260425_candidates_checkpoint_rerun/configs/rerun_000_source_93/config.json,11,0.01,0,0.003,6,rulebase,0,5,tempered_current_logits,0,-0.42291711406274274,0.01,1.0,3,93,-0.36363636363636365,8,0
0.2374926639927758,1.25,reports/keqingrl_discard_research_20260425_candidates_checkpoint_rerun/configs/rerun_000_source_93/policy_final.pt,689ed3bc4eacbde87049309fe6a37182cffa1baa03338b8ed653ebab516854fc,0.2,"{""entropy_coef"":0.01,""lr"":3e-05,""opponent_mode"":""rulebase"",""rule_kl_coef"":0.01}",rulebase/rule_kl=0.01/entropy=0.01/lr=3e-05,reports/keqingrl_discard_research_20260425_candidates_checkpoint_rerun/configs/rerun_000_source_93/config.json,9,0.01,0,0.003,3,rulebase,0,6,tempered_current_logits,0,0.005687190426720513,0.01,1.0,4,93,0.1111111111111111,8,0
0.4991080492734909,1.25,reports/keqingrl_discard_research_20260425_candidates_checkpoint_rerun/configs/rerun_000_source_93/policy_final.pt,689ed3bc4eacbde87049309fe6a37182cffa1baa03338b8ed653ebab516854fc,0.2,"{""entropy_coef"":0.01,""lr"":3e-05,""opponent_mode"":""rulebase"",""rule_kl_coef"":0.01}",rulebase/rule_kl=0.01/entropy=0.01/lr=3e-05,reports/keqingrl_discard_research_20260425_candidates_checkpoint_rerun/configs/rerun_000_source_93/config.json,10,0.01,0,0.003,2,rulebase,0,8,tempered_current_logits,0,0.2620027124881744,0.01,1.0,5,93,0.5,8,0
-0.022674626774258085,1.25,reports/keqingrl_discard_research_20260425_candidates_checkpoint_rerun/configs/rerun_000_source_93/policy_final.pt,689ed3bc4eacbde87049309fe6a37182cffa1baa03338b8ed653ebab516854fc,0.2,"{""entropy_coef"":0.01,""lr"":3e-05,""opponent_mode"":""rulebase"",""rule_kl_coef"":0.01}",rulebase/rule_kl=0.01/entropy=0.01/lr=3e-05,reports/keqingrl_discard_research_20260425_candidates_checkpoint_rerun/configs/rerun_000_source_93/config.json,9,0.01,0,0.003,4,rulebase,0,5,tempered_current_logits,0,-0.2793535788853963,0.01,1.0,6,93,-0.2222222222222222,8,0
-0.21085782448450724,1.25,reports/keqingrl_discard_research_20260425_candidates_checkpoint_rerun/configs/rerun_000_source_93/policy_final.pt,689ed3bc4eacbde87049309fe6a37182cffa1baa03338b8ed653ebab516854fc,0.2,"{""entropy_coef"":0.01,""lr"":3e-05,""opponent_mode"":""rulebase"",""rule_kl_coef"":0.01}",rulebase/rule_kl=0.01/entropy=0.01/lr=3e-05,reports/keqingrl_discard_research_20260425_candidates_checkpoint_rerun/configs/rerun_000_source_93/config.json,15,0.01,0,0.003,9,rulebase,0,6,tempered_current_logits,0,-0.4825527250766754,0.01,1.0,7,93,-0.5,8,0
-0.04879039525985718,1.25,reports/keqingrl_discard_research_20260425_candidates_checkpoint_rerun/configs/rerun_000_source_93/policy_final.pt,689ed3bc4eacbde87049309fe6a37182cffa1baa03338b8ed653ebab516854fc,0.2,"{""entropy_coef"":0.01,""lr"":3e-05,""opponent_mode"":""rulebase"",""rule_kl_coef"":0.01}",rulebase/rule_kl=0.01/entropy=0.01/lr=3e-05,reports/keqingrl_discard_research_20260425_candidates_checkpoint_rerun/configs/rerun_000_source_93/config.json,14,0.01,0,0.003,7,rulebase,0,7,tempered_current_logits,0,-0.2874517036335809,0.01,1.0,8,93,-0.2857142857142857,8,0
0.0699491798877716,1.25,reports/keqingrl_discard_research_20260425_candidates_checkpoint_rerun/configs/rerun_000_source_93/policy_final.pt,689ed3bc4eacbde87049309fe6a37182cffa1baa03338b8ed653ebab516854fc,0.2,"{""entropy_coef"":0.01,""lr"":3e-05,""opponent_mode"":""rulebase"",""rule_kl_coef"":0.01}",rulebase/rule_kl=0.01/entropy=0.01/lr=3e-05,reports/keqingrl_discard_research_20260425_candidates_checkpoint_rerun/configs/rerun_000_source_93/config.json,8,0.01,0,0.003,3,rulebase,0,5,tempered_current_logits,0,-0.11940761655569077,0.01,1.0,9,93,0.0,8,0
0.37086014077067375,1.25,reports/keqingrl_discard_research_20260425_candidates_checkpoint_rerun/configs/rerun_000_source_93/policy_final.pt,689ed3bc4eacbde87049309fe6a37182cffa1baa03338b8ed653ebab516854fc,0.2,"{""entropy_coef"":0.01,""lr"":3e-05,""opponent_mode"":""rulebase"",""rule_kl_coef"":0.01}",rulebase/rule_kl=0.01/entropy=0.01/lr=3e-05,reports/keqingrl_discard_research_20260425_candidates_checkpoint_rerun/configs/rerun_000_source_93/config.json,8,0.01,0,0.003,2,rulebase,0,6,tempered_current_logits,0,0.14369715005159378,0.01,1.0,10,93,0.375,8,0
-0.39579638342062634,1.25,reports/keqingrl_discard_research_20260425_candidates_checkpoint_rerun/configs/rerun_000_source_93/policy_final.pt,689ed3bc4eacbde87049309fe6a37182cffa1baa03338b8ed653ebab516854fc,0.2,"{""entropy_coef"":0.01,""lr"":3e-05,""opponent_mode"":""rulebase"",""rule_kl_coef"":0.01}",rulebase/rule_kl=0.01/entropy=0.01/lr=3e-05,reports/keqingrl_discard_research_20260425_candidates_checkpoint_rerun/configs/rerun_000_source_93/config.json,6,0.01,0,0.003,4,rulebase,0,2,tempered_current_logits,0,-0.7135393520196279,0.01,1.0,11,93,-0.75,8,0
1.0703113079071045,1.25,reports/keqingrl_discard_research_20260425_candidates_checkpoint_rerun/configs/rerun_000_source_93/policy_final.pt,689ed3bc4eacbde87049309fe6a37182cffa1baa03338b8ed653ebab516854fc,0.2,"{""entropy_coef"":0.01,""lr"":3e-05,""opponent_mode"":""rulebase"",""rule_kl_coef"":0.01}",rulebase/rule_kl=0.01/entropy=0.01/lr=3e-05,reports/keqingrl_discard_research_20260425_candidates_checkpoint_rerun/configs/rerun_000_source_93/config.json,1,0.01,0,0.003,0,rulebase,0,1,tempered_current_logits,0,0.7134614586830139,0.01,1.0,12,93,1.0,8,0
0.5834523993243854,1.25,reports/keqingrl_discard_research_20260425_candidates_checkpoint_rerun/configs/rerun_000_source_93/policy_final.pt,689ed3bc4eacbde87049309fe6a37182cffa1baa03338b8ed653ebab516854fc,0.2,"{""entropy_coef"":0.01,""lr"":3e-05,""opponent_mode"":""rulebase"",""rule_kl_coef"":0.01}",rulebase/rule_kl=0.01/entropy=0.01/lr=3e-05,reports/keqingrl_discard_research_20260425_candidates_checkpoint_rerun/configs/rerun_000_source_93/config.json,124,0.01,1,0.003,32,rulebase,0,92,tempered_current_logits,0,-0.1226058212379294,0.01,1.0,1,93,0.1975806451612903,8,0
0.3207675112145288,1.25,reports/keqingrl_discard_research_20260425_candidates_checkpoint_rerun/configs/rerun_000_source_93/policy_final.pt,689ed3bc4eacbde87049309fe6a37182cffa1baa03338b8ed653ebab516854fc,0.2,"{""entropy_coef"":0.01,""lr"":3e-05,""opponent_mode"":""rulebase"",""rule_kl_coef"":0.01}",rulebase/rule_kl=0.01/entropy=0.01/lr=3e-05,reports/keqingrl_discard_research_20260425_candidates_checkpoint_rerun/configs/rerun_000_source_93/config.json,14,0.01,1,0.003,5,rulebase,0,9,tempered_current_logits,0,-0.31740319090230124,0.01,1.0,2,93,-0.07142857142857142,8,0
0.22565676271915436,1.25,reports/keqingrl_discard_research_20260425_candidates_checkpoint_rerun/configs/rerun_000_source_93/policy_final.pt,689ed3bc4eacbde87049309fe6a37182cffa1baa03338b8ed653ebab516854fc,0.2,"{""entropy_coef"":0.01,""lr"":3e-05,""opponent_mode"":""rulebase"",""rule_kl_coef"":0.01}",rulebase/rule_kl=0.01/entropy=0.01/lr=3e-05,reports/keqingrl_discard_research_20260425_candidates_checkpoint_rerun/configs/rerun_000_source_93/config.json,11,0.01,1,0.003,6,rulebase,0,5,tempered_current_logits,0,-0.373166100545363,0.01,1.0,3,93,-0.2727272727272727,8,0
0.5510324531545242,1.25,reports/keqingrl_discard_research_20260425_candidates_checkpoint_rerun/configs/rerun_000_source_93/policy_final.pt,689ed3bc4eacbde87049309fe6a37182cffa1baa03338b8ed653ebab516854fc,0.2,"{""entropy_coef"":0.01,""lr"":3e-05,""opponent_mode"":""rulebase"",""rule_kl_coef"":0.01}",rulebase/rule_kl=0.01/entropy=0.01/lr=3e-05,reports/keqingrl_discard_research_20260425_candidates_checkpoint_rerun/configs/rerun_000_source_93/config.json,12,0.01,1,0.003,2,rulebase,0,10,tempered_current_logits,0,-0.06704520744582017,0.01,1.0,4,93,0.375,8,0
1.1144565418362617,1.25,reports/keqingrl_discard_research_20260425_candidates_checkpoint_rerun/configs/rerun_000_source_93/policy_final.pt,689ed3bc4eacbde87049309fe6a37182cffa1baa03338b8ed653ebab516854fc,0.2,"{""entropy_coef"":0.01,""lr"":3e-05,""opponent_mode"":""rulebase"",""rule_kl_coef"":0.01}",rulebase/rule_kl=0.01/entropy=0.01/lr=3e-05,reports/keqingrl_discard_research_20260425_candidates_checkpoint_rerun/configs/rerun_000_source_93/config.json,8,0.01,1,0.003,1,rulebase,0,7,tempered_current_logits,0,0.24666544049978256,0.01,1.0,5,93,0.5625,8,0
0.3163451049476862,1.25,reports/keqingrl_discard_research_20260425_candidates_checkpoint_rerun/configs/rerun_000_source_93/policy_final.pt,689ed3bc4eacbde87049309fe6a37182cffa1baa03338b8ed653ebab516854fc,0.2,"{""entropy_coef"":0.01,""lr"":3e-05,""opponent_mode"":""rulebase"",""rule_kl_coef"":0.01}",rulebase/rule_kl=0.01/entropy=0.01/lr=3e-05,reports/keqingrl_discard_research_20260425_candidates_checkpoint_rerun/configs/rerun_000_source_93/config.json,8,0.01,1,0.003,2,rulebase,0,6,tempered_current_logits,0,-0.2097585815936327,0.01,1.0,6,93,0.1875,8,0
-0.15345815231557935,1.25,reports/keqingrl_discard_research_20260425_candidates_checkpoint_rerun/configs/rerun_000_source_93/policy_final.pt,689ed3bc4eacbde87049309fe6a37182cffa1baa03338b8ed653ebab516854fc,0.2,"{""entropy_coef"":0.01,""lr"":3e-05,""opponent_mode"":""rulebase"",""rule_kl_coef"":0.01}",rulebase/rule_kl=0.01/entropy=0.01/lr=3e-05,reports/keqingrl_discard_research_20260425_candidates_checkpoint_rerun/configs/rerun_000_source_93/config.json,8,0.01,1,0.003,4,rulebase,0,4,tempered_current_logits,0,-0.6309180464595556,0.01,1.0,7,93,-0.375,8,0
0.2889563021334735,1.25,reports/keqingrl_discard_research_20260425_candidates_checkpoint_rerun/configs/rerun_000_source_93/policy_final.pt,689ed3bc4eacbde87049309fe6a37182cffa1baa03338b8ed653ebab516854fc,0.2,"{""entropy_coef"":0.01,""lr"":3e-05,""opponent_mode"":""rulebase"",""rule_kl_coef"":0.01}",rulebase/rule_kl=0.01/entropy=0.01/lr=3e-05,reports/keqingrl_discard_research_20260425_candidates_checkpoint_rerun/configs/rerun_000_source_93/config.json,11,0.01,1,0.003,4,rulebase,0,7,tempered_current_logits,0,-0.34267621555111627,0.01,1.0,8,93,0.0,8,0
0.4923815258911678,1.25,reports/keqingrl_discard_research_20260425_candidates_checkpoint_rerun/configs/rerun_000_source_93/policy_final.pt,689ed3bc4eacbde87049309fe6a37182cffa1baa03338b8ed653ebab516854fc,0.2,"{""entropy_coef"":0.01,""lr"":3e-05,""opponent_mode"":""rulebase"",""rule_kl_coef"":0.01}",rulebase/rule_kl=0.01/entropy=0.01/lr=3e-05,reports/keqingrl_discard_research_20260425_candidates_checkpoint_rerun/configs/rerun_000_source_93/config.json,7,0.01,1,0.003,2,rulebase,0,5,tempered_current_logits,0,-0.11776579703603472,0.01,1.0,9,93,0.07142857142857142,8,0
0.21712259761989117,1.25,reports/keqingrl_discard_research_20260425_candidates_checkpoint_rerun/configs/rerun_000_source_93/policy_final.pt,689ed3bc4eacbde87049309fe6a37182cffa1baa03338b8ed653ebab516854fc,0.2,"{""entropy_coef"":0.01,""lr"":3e-05,""opponent_mode"":""rulebase"",""rule_kl_coef"":0.01}",rulebase/rule_kl=0.01/entropy=0.01/lr=3e-05,reports/keqingrl_discard_research_20260425_candidates_checkpoint_rerun/configs/rerun_000_source_93/config.json,10,0.01,1,0.003,5,rulebase,0,5,tempered_current_logits,0,-0.4205774500966072,0.01,1.0,10,93,-0.2,8,0
-0.0697406909682534,1.25,reports/keqingrl_discard_research_20260425_candidates_checkpoint_rerun/configs/rerun_000_source_93/policy_final.pt,689ed3bc4eacbde87049309fe6a37182cffa1baa03338b8ed653ebab516854fc,0.2,"{""entropy_coef"":0.01,""lr"":3e-05,""opponent_mode"":""rulebase"",""rule_kl_coef"":0.01}",rulebase/rule_kl=0.01/entropy=0.01/lr=3e-05,reports/keqingrl_discard_research_20260425_candidates_checkpoint_rerun/configs/rerun_000_source_93/config.json,11,0.01,1,0.003,6,rulebase,0,5,tempered_current_logits,0,-0.6578145731579174,0.01,1.0,11,93,-0.45454545454545453,8,0
0.8614978313446044,1.25,reports/keqingrl_discard_research_20260425_candidates_checkpoint_rerun/configs/rerun_000_source_93/policy_final.pt,689ed3bc4eacbde87049309fe6a37182cffa1baa03338b8ed653ebab516854fc,0.2,"{""entropy_coef"":0.01,""lr"":3e-05,""opponent_mode"":""rulebase"",""rule_kl_coef"":0.01}",rulebase/rule_kl=0.01/entropy=0.01/lr=3e-05,reports/keqingrl_discard_research_20260425_candidates_checkpoint_rerun/configs/rerun_000_source_93/config.json,10,0.01,1,0.003,1,rulebase,0,9,tempered_current_logits,0,0.14958733320236206,0.01,1.0,12,93,0.5,8,0
0.33900008882795063,1.25,reports/keqingrl_discard_research_20260425_candidates_checkpoint_rerun/configs/rerun_000_source_93/policy_final.pt,689ed3bc4eacbde87049309fe6a37182cffa1baa03338b8ed653ebab516854fc,0.2,"{""entropy_coef"":0.01,""lr"":3e-05,""opponent_mode"":""rulebase"",""rule_kl_coef"":0.01}",rulebase/rule_kl=0.01/entropy=0.01/lr=3e-05,reports/keqingrl_discard_research_20260425_candidates_checkpoint_rerun/configs/rerun_000_source_93/config.json,7,0.01,1,0.003,3,rulebase,0,4,tempered_current_logits,0,-0.31571840388434275,0.01,1.0,13,93,-0.14285714285714285,8,0
-0.051057666540145874,1.25,reports/keqingrl_discard_research_20260425_candidates_checkpoint_rerun/configs/rerun_000_source_93/policy_final.pt,689ed3bc4eacbde87049309fe6a37182cffa1baa03338b8ed653ebab516854fc,0.2,"{""entropy_coef"":0.01,""lr"":3e-05,""opponent_mode"":""rulebase"",""rule_kl_coef"":0.01}",rulebase/rule_kl=0.01/entropy=0.01/lr=3e-05,reports/keqingrl_discard_research_20260425_candidates_checkpoint_rerun/configs/rerun_000_source_93/config.json,2,0.01,1,0.003,1,rulebase,0,1,tempered_current_logits,0,-0.5563612878322601,0.01,1.0,14,93,-0.5,8,0
0.31122930320755887,1.25,reports/keqingrl_discard_research_20260425_candidates_checkpoint_rerun/configs/rerun_000_source_93/policy_final.pt,689ed3bc4eacbde87049309fe6a37182cffa1baa03338b8ed653ebab516854fc,0.2,"{""entropy_coef"":0.01,""lr"":3e-05,""opponent_mode"":""rulebase"",""rule_kl_coef"":0.01}",rulebase/rule_kl=0.01/entropy=0.01/lr=3e-05,reports/keqingrl_discard_research_20260425_candidates_checkpoint_rerun/configs/rerun_000_source_93/config.json,96,0.01,2,0.003,49,rulebase,0,47,tempered_current_logits,0,-0.6253430179009835,0.01,1.0,1,93,-0.4322916666666667,8,0
0.34769776463508606,1.25,reports/keqingrl_discard_research_20260425_candidates_checkpoint_rerun/configs/rerun_000_source_93/policy_final.pt,689ed3bc4eacbde87049309fe6a37182cffa1baa03338b8ed653ebab516854fc,0.2,"{""entropy_coef"":0.01,""lr"":3e-05,""opponent_mode"":""rulebase"",""rule_kl_coef"":0.01}",rulebase/rule_kl=0.01/entropy=0.01/lr=3e-05,reports/keqingrl_discard_research_20260425_candidates_checkpoint_rerun/configs/rerun_000_source_93/config.json,9,0.01,2,0.003,5,rulebase,0,4,tempered_current_logits,0,-0.6509004433949789,0.01,1.0,2,93,-0.5,8,0
0.01782534850968255,1.25,reports/keqingrl_discard_research_20260425_candidates_checkpoint_rerun/configs/rerun_000_source_93/policy_final.pt,689ed3bc4eacbde87049309fe6a37182cffa1baa03338b8ed653ebab516854fc,0.2,"{""entropy_coef"":0.01,""lr"":3e-05,""opponent_mode"":""rulebase"",""rule_kl_coef"":0.01}",rulebase/rule_kl=0.01/entropy=0.01/lr=3e-05,reports/keqingrl_discard_research_20260425_candidates_checkpoint_rerun/configs/rerun_000_source_93/config.json,9,0.01,2,0.003,7,rulebase,0,2,tempered_current_logits,0,-1.0020083785057068,0.01,1.0,3,93,-1.0555555555555556,8,0
0.305365726351738,1.25,reports/keqingrl_discard_research_20260425_candidates_checkpoint_rerun/configs/rerun_000_source_93/policy_final.pt,689ed3bc4eacbde87049309fe6a37182cffa1baa03338b8ed653ebab516854fc,0.2,"{""entropy_coef"":0.01,""lr"":3e-05,""opponent_mode"":""rulebase"",""rule_kl_coef"":0.01}",rulebase/rule_kl=0.01/entropy=0.01/lr=3e-05,reports/keqingrl_discard_research_20260425_candidates_checkpoint_rerun/configs/rerun_000_source_93/config.json,10,0.01,2,0.003,5,rulebase,0,5,tempered_current_logits,0,-0.6543295830488205,0.01,1.0,4,93,-0.4,8,0
-0.14386580863760579,1.25,reports/keqingrl_discard_research_20260425_candidates_checkpoint_rerun/configs/rerun_000_source_93/policy_final.pt,689ed3bc4eacbde87049309fe6a37182cffa1baa03338b8ed653ebab516854fc,0.2,"{""entropy_coef"":0.01,""lr"":3e-05,""opponent_mode"":""rulebase"",""rule_kl_coef"":0.01}",rulebase/rule_kl=0.01/entropy=0.01/lr=3e-05,reports/keqingrl_discard_research_20260425_candidates_checkpoint_rerun/configs/rerun_000_source_93/config.json,9,0.01,2,0.003,6,rulebase,0,3,tempered_current_logits,0,-0.7305999133321974,0.01,1.0,5,93,-0.6111111111111112,8,0
0.054827374219894406,1.25,reports/keqingrl_discard_research_20260425_candidates_checkpoint_rerun/configs/rerun_000_source_93/policy_final.pt,689ed3bc4eacbde87049309fe6a37182cffa1baa03338b8ed653ebab516854fc,0.2,"{""entropy_coef"":0.01,""lr"":3e-05,""opponent_mode"":""rulebase"",""rule_kl_coef"":0.01}",rulebase/rule_kl=0.01/entropy=0.01/lr=3e-05,reports/keqingrl_discard_research_20260425_candidates_checkpoint_rerun/configs/rerun_000_source_93/config.json,10,0.01,2,0.003,6,rulebase,0,4,tempered_current_logits,0,-0.7797341674566269,0.01,1.0,6,93,-0.7,8,0
-0.010472739115357399,1.25,reports/keqingrl_discard_research_20260425_candidates_checkpoint_rerun/configs/rerun_000_source_93/policy_final.pt,689ed3bc4eacbde87049309fe6a37182cffa1baa03338b8ed653ebab516854fc,0.2,"{""entropy_coef"":0.01,""lr"":3e-05,""opponent_mode"":""rulebase"",""rule_kl_coef"":0.01}",rulebase/rule_kl=0.01/entropy=0.01/lr=3e-05,reports/keqingrl_discard_research_20260425_candidates_checkpoint_rerun/configs/rerun_000_source_93/config.json,8,0.01,2,0.003,4,rulebase,0,4,tempered_current_logits,0,-0.7068953178822994,0.01,1.0,7,93,-0.4375,8,0
-0.43792447718707,1.25,reports/keqingrl_discard_research_20260425_candidates_checkpoint_rerun/configs/rerun_000_source_93/policy_final.pt,689ed3bc4eacbde87049309fe6a37182cffa1baa03338b8ed653ebab516854fc,0.2,"{""entropy_coef"":0.01,""lr"":3e-05,""opponent_mode"":""rulebase"",""rule_kl_coef"":0.01}",rulebase/rule_kl=0.01/entropy=0.01/lr=3e-05,reports/keqingrl_discard_research_20260425_candidates_checkpoint_rerun/configs/rerun_000_source_93/config.json,11,0.01,2,0.003,10,rulebase,0,1,tempered_current_logits,0,-1.1918033957481384,0.01,1.0,8,93,-1.3181818181818181,8,0
0.13394368688265482,1.25,reports/keqingrl_discard_research_20260425_candidates_checkpoint_rerun/configs/rerun_000_source_93/policy_final.pt,689ed3bc4eacbde87049309fe6a37182cffa1baa03338b8ed653ebab516854fc,0.2,"{""entropy_coef"":0.01,""lr"":3e-05,""opponent_mode"":""rulebase"",""rule_kl_coef"":0.01}",rulebase/rule_kl=0.01/entropy=0.01/lr=3e-05,reports/keqingrl_discard_research_20260425_candidates_checkpoint_rerun/configs/rerun_000_source_93/config.json,15,0.01,2,0.003,10,rulebase,0,5,tempered_current_logits,0,-0.7803866863250732,0.01,1.0,9,93,-0.7666666666666667,8,0
-0.1047872355715795,1.25,reports/keqingrl_discard_research_20260425_candidates_checkpoint_rerun/configs/rerun_000_source_93/policy_final.pt,689ed3bc4eacbde87049309fe6a37182cffa1baa03338b8ed653ebab516854fc,0.2,"{""entropy_coef"":0.01,""lr"":3e-05,""opponent_mode"":""rulebase"",""rule_kl_coef"":0.01}",rulebase/rule_kl=0.01/entropy=0.01/lr=3e-05,reports/keqingrl_discard_research_20260425_candidates_checkpoint_rerun/configs/rerun_000_source_93/config.json,11,0.01,2,0.003,9,rulebase,0,2,tempered_current_logits,0,-1.0541937947273254,0.01,1.0,10,93,-1.0909090909090908,8,0
0.31971479100840433,1.25,reports/keqingrl_discard_research_20260425_candidates_checkpoint_rerun/configs/rerun_000_source_93/policy_final.pt,689ed3bc4eacbde87049309fe6a37182cffa1baa03338b8ed653ebab516854fc,0.2,"{""entropy_coef"":0.01,""lr"":3e-05,""opponent_mode"":""rulebase"",""rule_kl_coef"":0.01}",rulebase/rule_kl=0.01/entropy=0.01/lr=3e-05,reports/keqingrl_discard_research_20260425_candidates_checkpoint_rerun/configs/rerun_000_source_93/config.json,7,0.01,2,0.003,4,rulebase,0,3,tempered_current_logits,0,-0.7262709992272514,0.01,1.0,11,93,-0.5714285714285714,8,0
0.1658056914806366,1.25,reports/keqingrl_discard_research_20260425_candidates_checkpoint_rerun/configs/rerun_000_source_93/policy_final.pt,689ed3bc4eacbde87049309fe6a37182cffa1baa03338b8ed653ebab516854fc,0.2,"{""entropy_coef"":0.01,""lr"":3e-05,""opponent_mode"":""rulebase"",""rule_kl_coef"":0.01}",rulebase/rule_kl=0.01/entropy=0.01/lr=3e-05,reports/keqingrl_discard_research_20260425_candidates_checkpoint_rerun/configs/rerun_000_source_93/config.json,5,0.01,2,0.003,3,rulebase,0,2,tempered_current_logits,0,-0.7356892943382263,0.01,1.0,12,93,-0.7,8,0
0.05937890708446503,1.25,reports/keqingrl_discard_research_20260425_candidates_checkpoint_rerun/configs/rerun_000_source_93/policy_final.pt,689ed3bc4eacbde87049309fe6a37182cffa1baa03338b8ed653ebab516854fc,0.2,"{""entropy_coef"":0.01,""lr"":3e-05,""opponent_mode"":""rulebase"",""rule_kl_coef"":0.01}",rulebase/rule_kl=0.01/entropy=0.01/lr=3e-05,reports/keqingrl_discard_research_20260425_candidates_checkpoint_rerun/configs/rerun_000_source_93/config.json,2,0.01,2,0.003,1,rulebase,0,1,tempered_current_logits,0,-0.7007346749305725,0.01,1.0,13,93,-0.5,8,0
0.045953467780468514,1.25,reports/keqingrl_discard_research_20260425_candidates_checkpoint_rerun/configs/rerun_000_source_93/policy_final.pt,689ed3bc4eacbde87049309fe6a37182cffa1baa03338b8ed653ebab516854fc,0.2,"{""entropy_coef"":0.01,""lr"":3e-05,""opponent_mode"":""rulebase"",""rule_kl_coef"":0.01}",rulebase/rule_kl=0.01/entropy=0.01/lr=3e-05,reports/keqingrl_discard_research_20260425_candidates_checkpoint_rerun/configs/rerun_000_source_93/config.json,51,0.01,0,0.003,21,rulebase,1,30,tempered_current_logits,0,-0.2185523312757997,0.01,0.5,1,93,-0.0784313725490196,8,0
-0.13681435833374658,1.25,reports/keqingrl_discard_research_20260425_candidates_checkpoint_rerun/configs/rerun_000_source_93/policy_final.pt,689ed3bc4eacbde87049309fe6a37182cffa1baa03338b8ed653ebab516854fc,0.2,"{""entropy_coef"":0.01,""lr"":3e-05,""opponent_mode"":""rulebase"",""rule_kl_coef"":0.01}",rulebase/rule_kl=0.01/entropy=0.01/lr=3e-05,reports/keqingrl_discard_research_20260425_candidates_checkpoint_rerun/configs/rerun_000_source_93/config.json,12,0.01,0,0.003,6,rulebase,1,6,tempered_current_logits,0,-0.344410960872968,0.01,0.5,2,93,-0.25,8,0
0.1713643232981364,1.25,reports/keqingrl_discard_research_20260425_candidates_checkpoint_rerun/configs/rerun_000_source_93/policy_final.pt,689ed3bc4eacbde87049309fe6a37182cffa1baa03338b8ed653ebab516854fc,0.2,"{""entropy_coef"":0.01,""lr"":3e-05,""opponent_mode"":""rulebase"",""rule_kl_coef"":0.01}",rulebase/rule_kl=0.01/entropy=0.01/lr=3e-05,reports/keqingrl_discard_research_20260425_candidates_checkpoint_rerun/configs/rerun_000_source_93/config.json,15,0.01,0,0.003,5,rulebase,1,10,tempered_current_logits,0,-0.07807519435882568,0.01,0.5,3,93,0.13333333333333333,8,0
0.08797175884246826,1.25,reports/keqingrl_discard_research_20260425_candidates_checkpoint_rerun/configs/rerun_000_source_93/policy_final.pt,689ed3bc4eacbde87049309fe6a37182cffa1baa03338b8ed653ebab516854fc,0.2,"{""entropy_coef"":0.01,""lr"":3e-05,""opponent_mode"":""rulebase"",""rule_kl_coef"":0.01}",rulebase/rule_kl=0.01/entropy=0.01/lr=3e-05,reports/keqingrl_discard_research_20260425_candidates_checkpoint_rerun/configs/rerun_000_source_93/config.json,10,0.01,0,0.003,4,rulebase,1,6,tempered_current_logits,0,-0.1656879276037216,0.01,0.5,4,93,0.0,8,0
0.32799657781918845,1.25,reports/keqingrl_discard_research_20260425_candidates_checkpoint_rerun/configs/rerun_000_source_93/policy_final.pt,689ed3bc4eacbde87049309fe6a37182cffa1baa03338b8ed653ebab516854fc,0.2,"{""entropy_coef"":0.01,""lr"":3e-05,""opponent_mode"":""rulebase"",""rule_kl_coef"":0.01}",rulebase/rule_kl=0.01/entropy=0.01/lr=3e-05,reports/keqingrl_discard_research_20260425_candidates_checkpoint_rerun/configs/rerun_000_source_93/config.json,15,0.01,0,0.003,4,rulebase,1,11,tempered_current_logits,0,0.04861105183760325,0.01,0.5,5,93,0.3,8,0
0.1440333284082867,1.25,reports/keqingrl_discard_research_20260425_candidates_checkpoint_rerun/configs/rerun_000_source_93/policy_final.pt,689ed3bc4eacbde87049309fe6a37182cffa1baa03338b8ed653ebab516854fc,0.2,"{""entropy_coef"":0.01,""lr"":3e-05,""opponent_mode"":""rulebase"",""rule_kl_coef"":0.01}",rulebase/rule_kl=0.01/entropy=0.01/lr=3e-05,reports/keqingrl_discard_research_20260425_candidates_checkpoint_rerun/configs/rerun_000_source_93/config.json,21,0.01,0,0.003,7,rulebase,1,14,tempered_current_logits,0,-0.0924301530633654,0.01,0.5,6,93,0.09523809523809523,8,0
0.4751529191669665,1.25,reports/keqingrl_discard_research_20260425_candidates_checkpoint_rerun/configs/rerun_000_source_93/policy_final.pt,689ed3bc4eacbde87049309fe6a37182cffa1baa03338b8ed653ebab516854fc,0.2,"{""entropy_coef"":0.01,""lr"":3e-05,""opponent_mode"":""rulebase"",""rule_kl_coef"":0.01}",rulebase/rule_kl=0.01/entropy=0.01/lr=3e-05,reports/keqingrl_discard_research_20260425_candidates_checkpoint_rerun/configs/rerun_000_source_93/config.json,19,0.01,0,0.003,4,rulebase,1,15,tempered_current_logits,0,0.2173497574894052,0.01,0.5,7,93,0.4473684210526316,8,0
0.10328960104992516,1.25,reports/keqingrl_discard_research_20260425_candidates_checkpoint_rerun/configs/rerun_000_source_93/policy_final.pt,689ed3bc4eacbde87049309fe6a37182cffa1baa03338b8ed653ebab516854fc,0.2,"{""entropy_coef"":0.01,""lr"":3e-05,""opponent_mode"":""rulebase"",""rule_kl_coef"":0.01}",rulebase/rule_kl=0.01/entropy=0.01/lr=3e-05,reports/keqingrl_discard_research_20260425_candidates_checkpoint_rerun/configs/rerun_000_source_93/config.json,19,0.01,0,0.003,8,rulebase,1,11,tempered_current_logits,0,-0.1392176888490978,0.01,0.5,8,93,-0.05263157894736842,8,0
-0.09293558516285637,1.25,reports/keqingrl_discard_research_20260425_candidates_checkpoint_rerun/configs/rerun_000_source_93/policy_final.pt,689ed3bc4eacbde87049309fe6a37182cffa1baa03338b8ed653ebab516854fc,0.2,"{""entropy_coef"":0.01,""lr"":3e-05,""opponent_mode"":""rulebase"",""rule_kl_coef"":0.01}",rulebase/rule_kl=0.01/entropy=0.01/lr=3e-05,reports/keqingrl_discard_research_20260425_candidates_checkpoint_rerun/configs/rerun_000_source_93/config.json,22,0.01,0,0.003,11,rulebase,1,11,tempered_current_logits,0,-0.3662855997681618,0.01,0.5,9,93,-0.29545454545454547,8,0
0.2975449507886713,1.25,reports/keqingrl_discard_research_20260425_candidates_checkpoint_rerun/configs/rerun_000_source_93/policy_final.pt,689ed3bc4eacbde87049309fe6a37182cffa1baa03338b8ed653ebab516854fc,0.2,"{""entropy_coef"":0.01,""lr"":3e-05,""opponent_mode"":""rulebase"",""rule_kl_coef"":0.01}",rulebase/rule_kl=0.01/entropy=0.01/lr=3e-05,reports/keqingrl_discard_research_20260425_candidates_checkpoint_rerun/configs/rerun_000_source_93/config.json,22,0.01,0,0.003,6,rulebase,1,16,tempered_current_logits,0,0.0474074970592152,0.01,0.5,10,93,0.25,8,0
0.23569754362106324,1.25,reports/keqingrl_discard_research_20260425_candidates_checkpoint_rerun/configs/rerun_000_source_93/policy_final.pt,689ed3bc4eacbde87049309fe6a37182cffa1baa03338b8ed653ebab516854fc,0.2,"{""entropy_coef"":0.01,""lr"":3e-05,""opponent_mode"":""rulebase"",""rule_kl_coef"":0.01}",rulebase/rule_kl=0.01/entropy=0.01/lr=3e-05,reports/keqingrl_discard_research_20260425_candidates_checkpoint_rerun/configs/rerun_000_source_93/config.json,15,0.01,0,0.003,5,rulebase,1,10,tempered_current_logits,0,-0.021111106872558592,0.01,0.5,11,93,0.16666666666666666,8,0
-0.4091651886701584,1.25,reports/keqingrl_discard_research_20260425_candidates_checkpoint_rerun/configs/rerun_000_source_93/policy_final.pt,689ed3bc4eacbde87049309fe6a37182cffa1baa03338b8ed653ebab516854fc,0.2,"{""entropy_coef"":0.01,""lr"":3e-05,""opponent_mode"":""rulebase"",""rule_kl_coef"":0.01}",rulebase/rule_kl=0.01/entropy=0.01/lr=3e-05,reports/keqingrl_discard_research_20260425_candidates_checkpoint_rerun/configs/rerun_000_source_93/config.json,6,0.01,0,0.003,4,rulebase,1,2,tempered_current_logits,0,-0.668455496430397,0.01,0.5,12,93,-0.75,8,0
-0.18692117929458618,1.25,reports/keqingrl_discard_research_20260425_candidates_checkpoint_rerun/configs/rerun_000_source_93/policy_final.pt,689ed3bc4eacbde87049309fe6a37182cffa1baa03338b8ed653ebab516854fc,0.2,"{""entropy_coef"":0.01,""lr"":3e-05,""opponent_mode"":""rulebase"",""rule_kl_coef"":0.01}",rulebase/rule_kl=0.01/entropy=0.01/lr=3e-05,reports/keqingrl_discard_research_20260425_candidates_checkpoint_rerun/configs/rerun_000_source_93/config.json,2,0.01,0,0.003,1,rulebase,1,1,tempered_current_logits,0,-0.35932421684265137,0.01,0.5,13,93,-0.25,8,0
-0.5741597625405289,1.25,reports/keqingrl_discard_research_20260425_candidates_checkpoint_rerun/configs/rerun_000_source_93/policy_final.pt,689ed3bc4eacbde87049309fe6a37182cffa1baa03338b8ed653ebab516854fc,0.2,"{""entropy_coef"":0.01,""lr"":3e-05,""opponent_mode"":""rulebase"",""rule_kl_coef"":0.01}",rulebase/rule_kl=0.01/entropy=0.01/lr=3e-05,reports/keqingrl_discard_research_20260425_candidates_checkpoint_rerun/configs/rerun_000_source_93/config.json,43,0.01,1,0.003,29,rulebase,1,14,tempered_current_logits,0,-0.6323793599771899,0.01,0.5,1,93,-0.7790697674418605,8,0
-0.38330007516420805,1.25,reports/keqingrl_discard_research_20260425_candidates_checkpoint_rerun/configs/rerun_000_source_93/policy_final.pt,689ed3bc4eacbde87049309fe6a37182cffa1baa03338b8ed653ebab516854fc,0.2,"{""entropy_coef"":0.01,""lr"":3e-05,""opponent_mode"":""rulebase"",""rule_kl_coef"":0.01}",rulebase/rule_kl=0.01/entropy=0.01/lr=3e-05,reports/keqingrl_discard_research_20260425_candidates_checkpoint_rerun/configs/rerun_000_source_93/config.json,13,0.01,1,0.003,7,rulebase,1,6,tempered_current_logits,0,-0.4111498032624905,0.01,0.5,2,93,-0.5384615384615384,8,0
-0.37376725673675537,1.25,reports/keqingrl_discard_research_20260425_candidates_checkpoint_rerun/configs/rerun_000_source_93/policy_final.pt,689ed3bc4eacbde87049309fe6a37182cffa1baa03338b8ed653ebab516854fc,0.2,"{""entropy_coef"":0.01,""lr"":3e-05,""opponent_mode"":""rulebase"",""rule_kl_coef"":0.01}",rulebase/rule_kl=0.01/entropy=0.01/lr=3e-05,reports/keqingrl_discard_research_20260425_candidates_checkpoint_rerun/configs/rerun_000_source_93/config.json,12,0.01,1,0.003,6,rulebase,1,6,tempered_current_logits,0,-0.4169858644406001,0.01,0.5,3,93,-0.4166666666666667,8,0
-0.4816817885095423,1.25,reports/keqingrl_discard_research_20260425_candidates_checkpoint_rerun/configs/rerun_000_source_93/policy_final.pt,689ed3bc4eacbde87049309fe6a37182cffa1baa03338b8ed653ebab516854fc,0.2,"{""entropy_coef"":0.01,""lr"":3e-05,""opponent_mode"":""rulebase"",""rule_kl_coef"":0.01}",rulebase/rule_kl=0.01/entropy=0.01/lr=3e-05,reports/keqingrl_discard_research_20260425_candidates_checkpoint_rerun/configs/rerun_000_source_93/config.json,11,0.01,1,0.003,7,rulebase,1,4,tempered_current_logits,0,-0.5616872662847693,0.01,0.5,4,93,-0.6818181818181818,8,0
-0.6469898223876953,1.25,reports/keqingrl_discard_research_20260425_candidates_checkpoint_rerun/configs/rerun_000_source_93/policy_final.pt,689ed3bc4eacbde87049309fe6a37182cffa1baa03338b8ed653ebab516854fc,0.2,"{""entropy_coef"":0.01,""lr"":3e-05,""opponent_mode"":""rulebase"",""rule_kl_coef"":0.01}",rulebase/rule_kl=0.01/entropy=0.01/lr=3e-05,reports/keqingrl_discard_research_20260425_candidates_checkpoint_rerun/configs/rerun_000_source_93/config.json,20,0.01,1,0.003,14,rulebase,1,6,tempered_current_logits,0,-0.6909517452120781,0.01,0.5,5,93,-0.85,8,0
-0.18605512380599976,1.25,reports/keqingrl_discard_research_20260425_candidates_checkpoint_rerun/configs/rerun_000_source_93/policy_final.pt,689ed3bc4eacbde87049309fe6a37182cffa1baa03338b8ed653ebab516854fc,0.2,"{""entropy_coef"":0.01,""lr"":3e-05,""opponent_mode"":""rulebase"",""rule_kl_coef"":0.01}",rulebase/rule_kl=0.01/entropy=0.01/lr=3e-05,reports/keqingrl_discard_research_20260425_candidates_checkpoint_rerun/configs/rerun_000_source_93/config.json,15,0.01,1,0.003,7,rulebase,1,8,tempered_current_logits,0,-0.30133657256762186,0.01,0.5,6,93,-0.26666666666666666,8,0
-0.6737379973584955,1.25,reports/keqingrl_discard_research_20260425_candidates_checkpoint_rerun/configs/rerun_000_source_93/policy_final.pt,689ed3bc4eacbde87049309fe6a37182cffa1baa03338b8ed653ebab516854fc,0.2,"{""entropy_coef"":0.01,""lr"":3e-05,""opponent_mode"":""rulebase"",""rule_kl_coef"":0.01}",rulebase/rule_kl=0.01/entropy=0.01/lr=3e-05,reports/keqingrl_discard_research_20260425_candidates_checkpoint_rerun/configs/rerun_000_source_93/config.json,11,0.01,1,0.003,9,rulebase,1,2,tempered_current_logits,0,-0.7904654741287231,0.01,0.5,7,93,-1.0909090909090908,8,0
-0.4423494128619923,1.25,reports/keqingrl_discard_research_20260425_candidates_checkpoint_rerun/configs/rerun_000_source_93/policy_final.pt,689ed3bc4eacbde87049309fe6a37182cffa1baa03338b8ed653ebab516854fc,0.2,"{""entropy_coef"":0.01,""lr"":3e-05,""opponent_mode"":""rulebase"",""rule_kl_coef"":0.01}",rulebase/rule_kl=0.01/entropy=0.01/lr=3e-05,reports/keqingrl_discard_research_20260425_candidates_checkpoint_rerun/configs/rerun_000_source_93/config.json,17,0.01,1,0.003,10,rulebase,1,7,tempered_current_logits,0,-0.49408944827668805,0.01,0.5,8,93,-0.5588235294117647,8,0
-0.33309653401374817,1.25,reports/keqingrl_discard_research_20260425_candidates_checkpoint_rerun/configs/rerun_000_source_93/policy_final.pt,689ed3bc4eacbde87049309fe6a37182cffa1baa03338b8ed653ebab516854fc,0.2,"{""entropy_coef"":0.01,""lr"":3e-05,""opponent_mode"":""rulebase"",""rule_kl_coef"":0.01}",rulebase/rule_kl=0.01/entropy=0.01/lr=3e-05,reports/keqingrl_discard_research_20260425_candidates_checkpoint_rerun/configs/rerun_000_source_93/config.json,14,0.01,1,0.003,8,rulebase,1,6,tempered_current_logits,0,-0.3789216833455222,0.01,0.5,9,93,-0.5714285714285714,8,0
-0.4093684937272753,1.25,reports/keqingrl_discard_research_20260425_candidates_checkpoint_rerun/configs/rerun_000_source_93/policy_final.pt,689ed3bc4eacbde87049309fe6a37182cffa1baa03338b8ed653ebab516854fc,0.2,"{""entropy_coef"":0.01,""lr"":3e-05,""opponent_mode"":""rulebase"",""rule_kl_coef"":0.01}",rulebase/rule_kl=0.01/entropy=0.01/lr=3e-05,reports/keqingrl_discard_research_20260425_candidates_checkpoint_rerun/configs/rerun_000_source_93/config.json,7,0.01,1,0.003,4,rulebase,1,3,tempered_current_logits,0,-0.4770453061376299,0.01,0.5,10,93,-0.5714285714285714,8,0
-0.5334135180010515,1.25,reports/keqingrl_discard_research_20260425_candidates_checkpoint_rerun/configs/rerun_000_source_93/policy_final.pt,689ed3bc4eacbde87049309fe6a37182cffa1baa03338b8ed653ebab516854fc,0.2,"{""entropy_coef"":0.01,""lr"":3e-05,""opponent_mode"":""rulebase"",""rule_kl_coef"":0.01}",rulebase/rule_kl=0.01/entropy=0.01/lr=3e-05,reports/keqingrl_discard_research_20260425_candidates_checkpoint_rerun/configs/rerun_000_source_93/config.json,17,0.01,1,0.003,11,rulebase,1,6,tempered_current_logits,0,-0.570647549979827,0.01,0.5,11,93,-0.6764705882352942,8,0
0.2868441840012868,1.25,reports/keqingrl_discard_research_20260425_candidates_checkpoint_rerun/configs/rerun_000_source_93/policy_final.pt,689ed3bc4eacbde87049309fe6a37182cffa1baa03338b8ed653ebab516854fc,0.2,"{""entropy_coef"":0.01,""lr"":3e-05,""opponent_mode"":""rulebase"",""rule_kl_coef"":0.01}",rulebase/rule_kl=0.01/entropy=0.01/lr=3e-05,reports/keqingrl_discard_research_20260425_candidates_checkpoint_rerun/configs/rerun_000_source_93/config.json,6,0.01,1,0.003,2,rulebase,1,4,tempered_current_logits,0,0.17925620079040527,0.01,0.5,12,93,0.16666666666666666,8,0
-0.9398696571588516,1.25,reports/keqingrl_discard_research_20260425_candidates_checkpoint_rerun/configs/rerun_000_source_93/policy_final.pt,689ed3bc4eacbde87049309fe6a37182cffa1baa03338b8ed653ebab516854fc,0.2,"{""entropy_coef"":0.01,""lr"":3e-05,""opponent_mode"":""rulebase"",""rule_kl_coef"":0.01}",rulebase/rule_kl=0.01/entropy=0.01/lr=3e-05,reports/keqingrl_discard_research_20260425_candidates_checkpoint_rerun/configs/rerun_000_source_93/config.json,4,0.01,1,0.003,4,rulebase,1,0,tempered_current_logits,0,-0.9922186732292175,0.01,0.5,13,93,-1.5,8,0
0.6589330732822418,1.25,reports/keqingrl_discard_research_20260425_candidates_checkpoint_rerun/configs/rerun_000_source_93/policy_final.pt,689ed3bc4eacbde87049309fe6a37182cffa1baa03338b8ed653ebab516854fc,0.2,"{""entropy_coef"":0.01,""lr"":3e-05,""opponent_mode"":""rulebase"",""rule_kl_coef"":0.01}",rulebase/rule_kl=0.01/entropy=0.01/lr=3e-05,reports/keqingrl_discard_research_20260425_candidates_checkpoint_rerun/configs/rerun_000_source_93/config.json,2,0.01,1,0.003,0,rulebase,1,2,tempered_current_logits,0,0.5576893091201782,0.01,0.5,14,93,1.0,8,0
0.6564342727263769,1.25,reports/keqingrl_discard_research_20260425_candidates_checkpoint_rerun/configs/rerun_000_source_93/policy_final.pt,689ed3bc4eacbde87049309fe6a37182cffa1baa03338b8ed653ebab516854fc,0.2,"{""entropy_coef"":0.01,""lr"":3e-05,""opponent_mode"":""rulebase"",""rule_kl_coef"":0.01}",rulebase/rule_kl=0.01/entropy=0.01/lr=3e-05,reports/keqingrl_discard_research_20260425_candidates_checkpoint_rerun/configs/rerun_000_source_93/config.json,51,0.01,2,0.003,15,rulebase,1,36,tempered_current_logits,0,-0.20539994464785444,0.01,0.5,1,93,0.1568627450980392,8,0
0.7619401243599978,1.25,reports/keqingrl_discard_research_20260425_candidates_checkpoint_rerun/configs/rerun_000_source_93/policy_final.pt,689ed3bc4eacbde87049309fe6a37182cffa1baa03338b8ed653ebab516854fc,0.2,"{""entropy_coef"":0.01,""lr"":3e-05,""opponent_mode"":""rulebase"",""rule_kl_coef"":0.01}",rulebase/rule_kl=0.01/entropy=0.01/lr=3e-05,reports/keqingrl_discard_research_20260425_candidates_checkpoint_rerun/configs/rerun_000_source_93/config.json,22,0.01,2,0.003,8,rulebase,1,14,tempered_current_logits,0,-0.17852813818237998,0.01,0.5,2,93,0.0,8,0
1.2447444879346423,1.25,reports/keqingrl_discard_research_20260425_candidates_checkpoint_rerun/configs/rerun_000_source_93/policy_final.pt,689ed3bc4eacbde87049309fe6a37182cffa1baa03338b8ed653ebab516854fc,0.2,"{""entropy_coef"":0.01,""lr"":3e-05,""opponent_mode"":""rulebase"",""rule_kl_coef"":0.01}",rulebase/rule_kl=0.01/entropy=0.01/lr=3e-05,reports/keqingrl_discard_research_20260425_candidates_checkpoint_rerun/configs/rerun_000_source_93/config.json,18,0.01,2,0.003,1,rulebase,1,17,tempered_current_logits,0,0.23258437547418806,0.01,0.5,3,93,0.75,8,0
0.798664927482605,1.25,reports/keqingrl_discard_research_20260425_candidates_checkpoint_rerun/configs/rerun_000_source_93/policy_final.pt,689ed3bc4eacbde87049309fe6a37182cffa1baa03338b8ed653ebab516854fc,0.2,"{""entropy_coef"":0.01,""lr"":3e-05,""opponent_mode"":""rulebase"",""rule_kl_coef"":0.01}",rulebase/rule_kl=0.01/entropy=0.01/lr=3e-05,reports/keqingrl_discard_research_20260425_candidates_checkpoint_rerun/configs/rerun_000_source_93/config.json,23,0.01,2,0.003,5,rulebase,1,18,tempered_current_logits,0,-0.16149540310320648,0.01,0.5,4,93,0.391304347826087,8,0
0.8102483545594356,1.25,reports/keqingrl_discard_research_20260425_candidates_checkpoint_rerun/configs/rerun_000_source_93/policy_final.pt,689ed3bc4eacbde87049309fe6a37182cffa1baa03338b8ed653ebab516854fc,0.2,"{""entropy_coef"":0.01,""lr"":3e-05,""opponent_mode"":""rulebase"",""rule_kl_coef"":0.01}",rulebase/rule_kl=0.01/entropy=0.01/lr=3e-05,reports/keqingrl_discard_research_20260425_candidates_checkpoint_rerun/configs/rerun_000_source_93/config.json,17,0.01,2,0.003,2,rulebase,1,15,tempered_current_logits,0,0.001986442900755826,0.01,0.5,5,93,0.5882352941176471,8,0
0.8238139040768147,1.25,reports/keqingrl_discard_research_20260425_candidates_checkpoint_rerun/configs/rerun_000_source_93/policy_final.pt,689ed3bc4eacbde87049309fe6a37182cffa1baa03338b8ed653ebab516854fc,0.2,"{""entropy_coef"":0.01,""lr"":3e-05,""opponent_mode"":""rulebase"",""rule_kl_coef"":0.01}",rulebase/rule_kl=0.01/entropy=0.01/lr=3e-05,reports/keqingrl_discard_research_20260425_candidates_checkpoint_rerun/configs/rerun_000_source_93/config.json,10,0.01,2,0.003,3,rulebase,1,7,tempered_current_logits,0,-0.00046742856502532957,0.01,0.5,6,93,0.4,8,0
0.5447272278834134,1.25,reports/keqingrl_discard_research_20260425_candidates_checkpoint_rerun/configs/rerun_000_source_93/policy_final.pt,689ed3bc4eacbde87049309fe6a37182cffa1baa03338b8ed653ebab516854fc,0.2,"{""entropy_coef"":0.01,""lr"":3e-05,""opponent_mode"":""rulebase"",""rule_kl_coef"":0.01}",rulebase/rule_kl=0.01/entropy=0.01/lr=3e-05,reports/keqingrl_discard_research_20260425_candidates_checkpoint_rerun/configs/rerun_000_source_93/config.json,16,0.01,2,0.003,4,rulebase,1,12,tempered_current_logits,0,-0.2512222593650222,0.01,0.5,7,93,0.3125,8,0
0.5240063233809038,1.25,reports/keqingrl_discard_research_20260425_candidates_checkpoint_rerun/configs/rerun_000_source_93/policy_final.pt,689ed3bc4eacbde87049309fe6a37182cffa1baa03338b8ed653ebab516854fc,0.2,"{""entropy_coef"":0.01,""lr"":3e-05,""opponent_mode"":""rulebase"",""rule_kl_coef"":0.01}",rulebase/rule_kl=0.01/entropy=0.01/lr=3e-05,reports/keqingrl_discard_research_20260425_candidates_checkpoint_rerun/configs/rerun_000_source_93/config.json,11,0.01,2,0.003,5,rulebase,1,6,tempered_current_logits,0,-0.4197257432070645,0.01,0.5,8,93,-0.22727272727272727,8,0
0.796431340986774,1.25,reports/keqingrl_discard_research_20260425_candidates_checkpoint_rerun/configs/rerun_000_source_93/policy_final.pt,689ed3bc4eacbde87049309fe6a37182cffa1baa03338b8ed653ebab516854fc,0.2,"{""entropy_coef"":0.01,""lr"":3e-05,""opponent_mode"":""rulebase"",""rule_kl_coef"":0.01}",rulebase/rule_kl=0.01/entropy=0.01/lr=3e-05,reports/keqingrl_discard_research_20260425_candidates_checkpoint_rerun/configs/rerun_000_source_93/config.json,21,0.01,2,0.003,6,rulebase,1,15,tempered_current_logits,0,-0.13304597707021804,0.01,0.5,9,93,0.23809523809523808,8,0
0.2718009947178264,1.25,reports/keqingrl_discard_research_20260425_candidates_checkpoint_rerun/configs/rerun_000_source_93/policy_final.pt,689ed3bc4eacbde87049309fe6a37182cffa1baa03338b8ed653ebab516854fc,0.2,"{""entropy_coef"":0.01,""lr"":3e-05,""opponent_mode"":""rulebase"",""rule_kl_coef"":0.01}",rulebase/rule_kl=0.01/entropy=0.01/lr=3e-05,reports/keqingrl_discard_research_20260425_candidates_checkpoint_rerun/configs/rerun_000_source_93/config.json,12,0.01,2,0.003,4,rulebase,1,8,tempered_current_logits,0,-0.2586354222148657,0.01,0.5,10,93,0.2916666666666667,8,0
0.2191521108150482,1.25,reports/keqingrl_discard_research_20260425_candidates_checkpoint_rerun/configs/rerun_000_source_93/policy_final.pt,689ed3bc4eacbde87049309fe6a37182cffa1baa03338b8ed653ebab516854fc,0.2,"{""entropy_coef"":0.01,""lr"":3e-05,""opponent_mode"":""rulebase"",""rule_kl_coef"":0.01}",rulebase/rule_kl=0.01/entropy=0.01/lr=3e-05,reports/keqingrl_discard_research_20260425_candidates_checkpoint_rerun/configs/rerun_000_source_93/config.json,15,0.01,2,0.003,8,rulebase,1,7,tempered_current_logits,0,-0.6310134490331014,0.01,0.5,11,93,-0.36666666666666664,8,0
0.40834705267016863,1.25,reports/keqingrl_discard_research_20260425_candidates_checkpoint_rerun/configs/rerun_000_source_93/policy_final.pt,689ed3bc4eacbde87049309fe6a37182cffa1baa03338b8ed653ebab516854fc,0.2,"{""entropy_coef"":0.01,""lr"":3e-05,""opponent_mode"":""rulebase"",""rule_kl_coef"":0.01}",rulebase/rule_kl=0.01/entropy=0.01/lr=3e-05,reports/keqingrl_discard_research_20260425_candidates_checkpoint_rerun/configs/rerun_000_source_93/config.json,11,0.01,2,0.003,6,rulebase,1,5,tempered_current_logits,0,-0.4529113606973128,0.01,0.5,12,93,-0.18181818181818182,8,0
0.8648963818947474,1.25,reports/keqingrl_discard_research_20260425_candidates_checkpoint_rerun/configs/rerun_000_source_93/policy_final.pt,689ed3bc4eacbde87049309fe6a37182cffa1baa03338b8ed653ebab516854fc,0.2,"{""entropy_coef"":0.01,""lr"":3e-05,""opponent_mode"":""rulebase"",""rule_kl_coef"":0.01}",rulebase/rule_kl=0.01/entropy=0.01/lr=3e-05,reports/keqingrl_discard_research_20260425_candidates_checkpoint_rerun/configs/rerun_000_source_93/config.json,6,0.01,2,0.003,2,rulebase,1,4,tempered_current_logits,0,-0.1491352617740631,0.01,0.5,13,93,0.16666666666666666,8,0
0.959248960018158,1.25,reports/keqingrl_discard_research_20260425_candidates_checkpoint_rerun/configs/rerun_000_source_93/policy_final.pt,689ed3bc4eacbde87049309fe6a37182cffa1baa03338b8ed653ebab516854fc,0.2,"{""entropy_coef"":0.01,""lr"":3e-05,""opponent_mode"":""rulebase"",""rule_kl_coef"":0.01}",rulebase/rule_kl=0.01/entropy=0.01/lr=3e-05,reports/keqingrl_discard_research_20260425_candidates_checkpoint_rerun/configs/rerun_000_source_93/config.json,1,0.01,2,0.003,0,rulebase,1,1,tempered_current_logits,0,0.14040607213974,0.01,0.5,14,93,1.0,8,0
0.05923226590339954,1.25,reports/keqingrl_discard_research_20260425_candidates_checkpoint_rerun/configs/rerun_000_source_93/policy_final.pt,689ed3bc4eacbde87049309fe6a37182cffa1baa03338b8ed653ebab516854fc,0.2,"{""entropy_coef"":0.01,""lr"":3e-05,""opponent_mode"":""rulebase"",""rule_kl_coef"":0.01}",rulebase/rule_kl=0.01/entropy=0.01/lr=3e-05,reports/keqingrl_discard_research_20260425_candidates_checkpoint_rerun/configs/rerun_000_source_93/config.json,26,0.01,0,0.003,11,rulebase,2,15,tempered_current_logits,0,-0.23088155686855316,0.01,0.25,1,93,-0.21153846153846154,8,0
-0.06852284669876099,1.25,reports/keqingrl_discard_research_20260425_candidates_checkpoint_rerun/configs/rerun_000_source_93/policy_final.pt,689ed3bc4eacbde87049309fe6a37182cffa1baa03338b8ed653ebab516854fc,0.2,"{""entropy_coef"":0.01,""lr"":3e-05,""opponent_mode"":""rulebase"",""rule_kl_coef"":0.01}",rulebase/rule_kl=0.01/entropy=0.01/lr=3e-05,reports/keqingrl_discard_research_20260425_candidates_checkpoint_rerun/configs/rerun_000_source_93/config.json,20,0.01,0,0.003,10,rulebase,2,10,tempered_current_logits,0,-0.3201741322875023,0.01,0.25,2,93,-0.375,8,0
-0.23018927636899447,1.25,reports/keqingrl_discard_research_20260425_candidates_checkpoint_rerun/configs/rerun_000_source_93/policy_final.pt,689ed3bc4eacbde87049309fe6a37182cffa1baa03338b8ed653ebab516854fc,0.2,"{""entropy_coef"":0.01,""lr"":3e-05,""opponent_mode"":""rulebase"",""rule_kl_coef"":0.01}",rulebase/rule_kl=0.01/entropy=0.01/lr=3e-05,reports/keqingrl_discard_research_20260425_candidates_checkpoint_rerun/configs/rerun_000_source_93/config.json,19,0.01,0,0.003,10,rulebase,2,9,tempered_current_logits,0,-0.5293042777400268,0.01,0.25,3,93,-0.47368421052631576,8,0
-0.1709755758444468,1.25,reports/keqingrl_discard_research_20260425_candidates_checkpoint_rerun/configs/rerun_000_source_93/policy_final.pt,689ed3bc4eacbde87049309fe6a37182cffa1baa03338b8ed653ebab516854fc,0.2,"{""entropy_coef"":0.01,""lr"":3e-05,""opponent_mode"":""rulebase"",""rule_kl_coef"":0.01}",rulebase/rule_kl=0.01/entropy=0.01/lr=3e-05,reports/keqingrl_discard_research_20260425_candidates_checkpoint_rerun/configs/rerun_000_source_93/config.json,21,0.01,0,0.003,10,rulebase,2,11,tempered_current_logits,0,-0.39622130067575545,0.01,0.25,4,93,-0.35714285714285715,8,0
0.022126746674378712,1.25,reports/keqingrl_discard_research_20260425_candidates_checkpoint_rerun/configs/rerun_000_source_93/policy_final.pt,689ed3bc4eacbde87049309fe6a37182cffa1baa03338b8ed653ebab516854fc,0.2,"{""entropy_coef"":0.01,""lr"":3e-05,""opponent_mode"":""rulebase"",""rule_kl_coef"":0.01}",rulebase/rule_kl=0.01/entropy=0.01/lr=3e-05,reports/keqingrl_discard_research_20260425_candidates_checkpoint_rerun/configs/rerun_000_source_93/config.json,24,0.01,0,0.003,10,rulebase,2,14,tempered_current_logits,0,-0.24725108966231346,0.01,0.25,5,93,-0.14583333333333334,8,0
0.17075100541114807,1.25,reports/keqingrl_discard_research_20260425_candidates_checkpoint_rerun/configs/rerun_000_source_93/policy_final.pt,689ed3bc4eacbde87049309fe6a37182cffa1baa03338b8ed653ebab516854fc,0.2,"{""entropy_coef"":0.01,""lr"":3e-05,""opponent_mode"":""rulebase"",""rule_kl_coef"":0.01}",rulebase/rule_kl=0.01/entropy=0.01/lr=3e-05,reports/keqingrl_discard_research_20260425_candidates_checkpoint_rerun/configs/rerun_000_source_93/config.json,16,0.01,0,0.003,6,rulebase,2,10,tempered_current_logits,0,-0.09073315188288689,0.01,0.25,6,93,0.0,8,0
0.01912737460363479,1.25,reports/keqingrl_discard_research_20260425_candidates_checkpoint_rerun/configs/rerun_000_source_93/policy_final.pt,689ed3bc4eacbde87049309fe6a37182cffa1baa03338b8ed653ebab516854fc,0.2,"{""entropy_coef"":0.01,""lr"":3e-05,""opponent_mode"":""rulebase"",""rule_kl_coef"":0.01}",rulebase/rule_kl=0.01/entropy=0.01/lr=3e-05,reports/keqingrl_discard_research_20260425_candidates_checkpoint_rerun/configs/rerun_000_source_93/config.json,21,0.01,0,0.003,7,rulebase,2,14,tempered_current_logits,0,-0.17809951021557763,0.01,0.25,7,93,0.07142857142857142,8,0
0.120847687125206,1.25,reports/keqingrl_discard_research_20260425_candidates_checkpoint_rerun/configs/rerun_000_source_93/policy_final.pt,689ed3bc4eacbde87049309fe6a37182cffa1baa03338b8ed653ebab516854fc,0.2,"{""entropy_coef"":0.01,""lr"":3e-05,""opponent_mode"":""rulebase"",""rule_kl_coef"":0.01}",rulebase/rule_kl=0.01/entropy=0.01/lr=3e-05,reports/keqingrl_discard_research_20260425_candidates_checkpoint_rerun/configs/rerun_000_source_93/config.json,24,0.01,0,0.003,9,rulebase,2,15,tempered_current_logits,0,-0.11474078955749671,0.01,0.25,8,93,-0.041666666666666664,8,0
0.291576508213492,1.25,reports/keqingrl_discard_research_20260425_candidates_checkpoint_rerun/configs/rerun_000_source_93/policy_final.pt,689ed3bc4eacbde87049309fe6a37182cffa1baa03338b8ed653ebab516854fc,0.2,"{""entropy_coef"":0.01,""lr"":3e-05,""opponent_mode"":""rulebase"",""rule_kl_coef"":0.01}",rulebase/rule_kl=0.01/entropy=0.01/lr=3e-05,reports/keqingrl_discard_research_20260425_candidates_checkpoint_rerun/configs/rerun_000_source_93/config.json,17,0.01,0,0.003,5,rulebase,2,12,tempered_current_logits,0,-0.004667279474875506,0.01,0.25,9,93,0.14705882352941177,8,0
0.14226378500461578,1.25,reports/keqingrl_discard_research_20260425_candidates_checkpoint_rerun/configs/rerun_000_source_93/policy_final.pt,689ed3bc4eacbde87049309fe6a37182cffa1baa03338b8ed653ebab516854fc,0.2,"{""entropy_coef"":0.01,""lr"":3e-05,""opponent_mode"":""rulebase"",""rule_kl_coef"":0.01}",rulebase/rule_kl=0.01/entropy=0.01/lr=3e-05,reports/keqingrl_discard_research_20260425_candidates_checkpoint_rerun/configs/rerun_000_source_93/config.json,15,0.01,0,0.003,4,rulebase,2,11,tempered_current_logits,0,-0.10408125867446263,0.01,0.25,10,93,0.1,8,0
-0.4547116657098134,1.25,reports/keqingrl_discard_research_20260425_candidates_checkpoint_rerun/configs/rerun_000_source_93/policy_final.pt,689ed3bc4eacbde87049309fe6a37182cffa1baa03338b8ed653ebab516854fc,0.2,"{""entropy_coef"":0.01,""lr"":3e-05,""opponent_mode"":""rulebase"",""rule_kl_coef"":0.01}",rulebase/rule_kl=0.01/entropy=0.01/lr=3e-05,reports/keqingrl_discard_research_20260425_candidates_checkpoint_rerun/configs/rerun_000_source_93/config.json,15,0.01,0,0.003,11,rulebase,2,4,tempered_current_logits,0,-0.7601695716381073,0.01,0.25,11,93,-0.8666666666666667,8,0
-0.41132417592135345,1.25,reports/keqingrl_discard_research_20260425_candidates_checkpoint_rerun/configs/rerun_000_source_93/policy_final.pt,689ed3bc4eacbde87049309fe6a37182cffa1baa03338b8ed653ebab516854fc,0.2,"{""entropy_coef"":0.01,""lr"":3e-05,""opponent_mode"":""rulebase"",""rule_kl_coef"":0.01}",rulebase/rule_kl=0.01/entropy=0.01/lr=3e-05,reports/keqingrl_discard_research_20260425_candidates_checkpoint_rerun/configs/rerun_000_source_93/config.json,11,0.01,0,0.003,8,rulebase,2,3,tempered_current_logits,0,-0.66860631108284,0.01,0.25,12,93,-0.9090909090909091,8,0
-0.9096463024616241,1.25,reports/keqingrl_discard_research_20260425_candidates_checkpoint_rerun/configs/rerun_000_source_93/policy_final.pt,689ed3bc4eacbde87049309fe6a37182cffa1baa03338b8ed653ebab516854fc,0.2,"{""entropy_coef"":0.01,""lr"":3e-05,""opponent_mode"":""rulebase"",""rule_kl_coef"":0.01}",rulebase/rule_kl=0.01/entropy=0.01/lr=3e-05,reports/keqingrl_discard_research_20260425_candidates_checkpoint_rerun/configs/rerun_000_source_93/config.json,2,0.01,0,0.003,2,rulebase,2,0,tempered_current_logits,0,-1.0312390327453613,0.01,0.25,13,93,-1.5,8,0
-0.8910504579544067,1.25,reports/keqingrl_discard_research_20260425_candidates_checkpoint_rerun/configs/rerun_000_source_93/policy_final.pt,689ed3bc4eacbde87049309fe6a37182cffa1baa03338b8ed653ebab516854fc,0.2,"{""entropy_coef"":0.01,""lr"":3e-05,""opponent_mode"":""rulebase"",""rule_kl_coef"":0.01}",rulebase/rule_kl=0.01/entropy=0.01/lr=3e-05,reports/keqingrl_discard_research_20260425_candidates_checkpoint_rerun/configs/rerun_000_source_93/config.json,2,0.01,0,0.003,2,rulebase,2,0,tempered_current_logits,0,-0.9966795146465302,0.01,0.25,14,93,-1.5,8,0
1.2473205561573442,1.25,reports/keqingrl_discard_research_20260425_candidates_checkpoint_rerun/configs/rerun_000_source_93/policy_final.pt,689ed3bc4eacbde87049309fe6a37182cffa1baa03338b8ed653ebab516854fc,0.2,"{""entropy_coef"":0.01,""lr"":3e-05,""opponent_mode"":""rulebase"",""rule_kl_coef"":0.01}",rulebase/rule_kl=0.01/entropy=0.01/lr=3e-05,reports/keqingrl_discard_research_20260425_candidates_checkpoint_rerun/configs/rerun_000_source_93/config.json,37,0.01,1,0.003,5,rulebase,2,32,tempered_current_logits,0,-0.7933479676375518,0.01,0.25,1,93,-0.02702702702702703,8,0
1.6712024642620236,1.25,reports/keqingrl_discard_research_20260425_candidates_checkpoint_rerun/configs/rerun_000_source_93/policy_final.pt,689ed3bc4eacbde87049309fe6a37182cffa1baa03338b8ed653ebab516854fc,0.2,"{""entropy_coef"":0.01,""lr"":3e-05,""opponent_mode"":""rulebase"",""rule_kl_coef"":0.01}",rulebase/rule_kl=0.01/entropy=0.01/lr=3e-05,reports/keqingrl_discard_research_20260425_candidates_checkpoint_rerun/configs/rerun_000_source_93/config.json,16,0.01,1,0.003,3,rulebase,2,13,tempered_current_logits,0,-0.6509189680218697,0.01,0.25,2,93,0.0625,8,0
1.102828553485635,1.25,reports/keqingrl_discard_research_20260425_candidates_checkpoint_rerun/configs/rerun_000_source_93/policy_final.pt,689ed3bc4eacbde87049309fe6a37182cffa1baa03338b8ed653ebab516854fc,0.2,"{""entropy_coef"":0.01,""lr"":3e-05,""opponent_mode"":""rulebase"",""rule_kl_coef"":0.01}",rulebase/rule_kl=0.01/entropy=0.01/lr=3e-05,reports/keqingrl_discard_research_20260425_candidates_checkpoint_rerun/configs/rerun_000_source_93/config.json,19,0.01,1,0.003,3,rulebase,2,16,tempered_current_logits,0,-0.916769237894761,0.01,0.25,3,93,-0.23684210526315788,8,0
1.3629993100961049,1.25,reports/keqingrl_discard_research_20260425_candidates_checkpoint_rerun/configs/rerun_000_source_93/policy_final.pt,689ed3bc4eacbde87049309fe6a37182cffa1baa03338b8ed653ebab516854fc,0.2,"{""entropy_coef"":0.01,""lr"":3e-05,""opponent_mode"":""rulebase"",""rule_kl_coef"":0.01}",rulebase/rule_kl=0.01/entropy=0.01/lr=3e-05,reports/keqingrl_discard_research_20260425_candidates_checkpoint_rerun/configs/rerun_000_source_93/config.json,9,0.01,1,0.003,0,rulebase,2,9,tempered_current_logits,0,-0.7283641762203641,0.01,0.25,4,93,0.16666666666666666,8,0
1.2479059816553042,1.25,reports/keqingrl_discard_research_20260425_candidates_checkpoint_rerun/configs/rerun_000_source_93/policy_final.pt,689ed3bc4eacbde87049309fe6a37182cffa1baa03338b8ed653ebab516854fc,0.2,"{""entropy_coef"":0.01,""lr"":3e-05,""opponent_mode"":""rulebase"",""rule_kl_coef"":0.01}",rulebase/rule_kl=0.01/entropy=0.01/lr=3e-05,reports/keqingrl_discard_research_20260425_candidates_checkpoint_rerun/configs/rerun_000_source_93/config.json,13,0.01,1,0.003,1,rulebase,2,12,tempered_current_logits,0,-0.8085730167535635,0.01,0.25,5,93,-0.11538461538461539,8,0
1.102965179623829,1.25,reports/keqingrl_discard_research_20260425_candidates_checkpoint_rerun/configs/rerun_000_source_93/policy_final.pt,689ed3bc4eacbde87049309fe6a37182cffa1baa03338b8ed653ebab516854fc,0.2,"{""entropy_coef"":0.01,""lr"":3e-05,""opponent_mode"":""rulebase"",""rule_kl_coef"":0.01}",rulebase/rule_kl=0.01/entropy=0.01/lr=3e-05,reports/keqingrl_discard_research_20260425_candidates_checkpoint_rerun/configs/rerun_000_source_93/config.json,18,0.01,1,0.003,2,rulebase,2,16,tempered_current_logits,0,-1.0181639591852825,0.01,0.25,6,93,-0.25,8,0
1.3633462597023358,1.25,reports/keqingrl_discard_research_20260425_candidates_checkpoint_rerun/configs/rerun_000_source_93/policy_final.pt,689ed3bc4eacbde87049309fe6a37182cffa1baa03338b8ed653ebab516854fc,0.2,"{""entropy_coef"":0.01,""lr"":3e-05,""opponent_mode"":""rulebase"",""rule_kl_coef"":0.01}",rulebase/rule_kl=0.01/entropy=0.01/lr=3e-05,reports/keqingrl_discard_research_20260425_candidates_checkpoint_rerun/configs/rerun_000_source_93/config.json,11,0.01,1,0.003,1,rulebase,2,10,tempered_current_logits,0,-0.9056530649011786,0.01,0.25,7,93,-0.18181818181818182,8,0
1.1363375955506374,1.25,reports/keqingrl_discard_research_20260425_candidates_checkpoint_rerun/configs/rerun_000_source_93/policy_final.pt,689ed3bc4eacbde87049309fe6a37182cffa1baa03338b8ed653ebab516854fc,0.2,"{""entropy_coef"":0.01,""lr"":3e-05,""opponent_mode"":""rulebase"",""rule_kl_coef"":0.01}",rulebase/rule_kl=0.01/entropy=0.01/lr=3e-05,reports/keqingrl_discard_research_20260425_candidates_checkpoint_rerun/configs/rerun_000_source_93/config.json,19,0.01,1,0.003,2,rulebase,2,17,tempered_current_logits,0,-0.9399224519729614,0.01,0.25,8,93,-0.2631578947368421,8,0
1.327719386844408,1.25,reports/keqingrl_discard_research_20260425_candidates_checkpoint_rerun/configs/rerun_000_source_93/policy_final.pt,689ed3bc4eacbde87049309fe6a37182cffa1baa03338b8ed653ebab516854fc,0.2,"{""entropy_coef"":0.01,""lr"":3e-05,""opponent_mode"":""rulebase"",""rule_kl_coef"":0.01}",rulebase/rule_kl=0.01/entropy=0.01/lr=3e-05,reports/keqingrl_discard_research_20260425_candidates_checkpoint_rerun/configs/rerun_000_source_93/config.json,21,0.01,1,0.003,2,rulebase,2,19,tempered_current_logits,0,-0.7795711429346175,0.01,0.25,9,93,-0.07142857142857142,8,0
0.9692896467943987,1.25,reports/keqingrl_discard_research_20260425_candidates_checkpoint_rerun/configs/rerun_000_source_93/policy_final.pt,689ed3bc4eacbde87049309fe6a37182cffa1baa03338b8ed653ebab516854fc,0.2,"{""entropy_coef"":0.01,""lr"":3e-05,""opponent_mode"":""rulebase"",""rule_kl_coef"":0.01}",rulebase/rule_kl=0.01/entropy=0.01/lr=3e-05,reports/keqingrl_discard_research_20260425_candidates_checkpoint_rerun/configs/rerun_000_source_93/config.json,24,0.01,1,0.003,7,rulebase,2,17,tempered_current_logits,0,-1.0742606992522876,0.01,0.25,10,93,-0.6041666666666666,8,0
1.6062732189893723,1.25,reports/keqingrl_discard_research_20260425_candidates_checkpoint_rerun/configs/rerun_000_source_93/policy_final.pt,689ed3bc4eacbde87049309fe6a37182cffa1baa03338b8ed653ebab516854fc,0.2,"{""entropy_coef"":0.01,""lr"":3e-05,""opponent_mode"":""rulebase"",""rule_kl_coef"":0.01}",rulebase/rule_kl=0.01/entropy=0.01/lr=3e-05,reports/keqingrl_discard_research_20260425_candidates_checkpoint_rerun/configs/rerun_000_source_93/config.json,13,0.01,1,0.003,3,rulebase,2,10,tempered_current_logits,0,-0.5143817846591656,0.01,0.25,11,93,-0.07692307692307693,8,0
0.7663924724661878,1.25,reports/keqingrl_discard_research_20260425_candidates_checkpoint_rerun/configs/rerun_000_source_93/policy_final.pt,689ed3bc4eacbde87049309fe6a37182cffa1baa03338b8ed653ebab516854fc,0.2,"{""entropy_coef"":0.01,""lr"":3e-05,""opponent_mode"":""rulebase"",""rule_kl_coef"":0.01}",rulebase/rule_kl=0.01/entropy=0.01/lr=3e-05,reports/keqingrl_discard_research_20260425_candidates_checkpoint_rerun/configs/rerun_000_source_93/config.json,14,0.01,1,0.003,4,rulebase,2,10,tempered_current_logits,0,-1.0469313093594141,0.01,0.25,12,93,-0.6785714285714286,8,0
0.9766565610965093,1.25,reports/keqingrl_discard_research_20260425_candidates_checkpoint_rerun/configs/rerun_000_source_93/policy_final.pt,689ed3bc4eacbde87049309fe6a37182cffa1baa03338b8ed653ebab516854fc,0.2,"{""entropy_coef"":0.01,""lr"":3e-05,""opponent_mode"":""rulebase"",""rule_kl_coef"":0.01}",rulebase/rule_kl=0.01/entropy=0.01/lr=3e-05,reports/keqingrl_discard_research_20260425_candidates_checkpoint_rerun/configs/rerun_000_source_93/config.json,6,0.01,1,0.003,1,rulebase,2,5,tempered_current_logits,0,-1.247054676214854,0.01,0.25,13,93,-1.0833333333333333,8,0
0.9450438022613525,1.25,reports/keqingrl_discard_research_20260425_candidates_checkpoint_rerun/configs/rerun_000_source_93/policy_final.pt,689ed3bc4eacbde87049309fe6a37182cffa1baa03338b8ed653ebab516854fc,0.2,"{""entropy_coef"":0.01,""lr"":3e-05,""opponent_mode"":""rulebase"",""rule_kl_coef"":0.01}",rulebase/rule_kl=0.01/entropy=0.01/lr=3e-05,reports/keqingrl_discard_research_20260425_candidates_checkpoint_rerun/configs/rerun_000_source_93/config.json,1,0.01,1,0.003,0,rulebase,2,1,tempered_current_logits,0,-1.5,0.01,0.25,14,93,-1.5,8,0
1.9153955574776675,1.25,reports/keqingrl_discard_research_20260425_candidates_checkpoint_rerun/configs/rerun_000_source_93/policy_final.pt,689ed3bc4eacbde87049309fe6a37182cffa1baa03338b8ed653ebab516854fc,0.2,"{""entropy_coef"":0.01,""lr"":3e-05,""opponent_mode"":""rulebase"",""rule_kl_coef"":0.01}",rulebase/rule_kl=0.01/entropy=0.01/lr=3e-05,reports/keqingrl_discard_research_20260425_candidates_checkpoint_rerun/configs/rerun_000_source_93/config.json,37,0.01,2,0.003,2,rulebase,2,35,tempered_current_logits,0,-0.8262577395181399,0.01,0.25,1,93,0.12162162162162163,8,0
1.5201531757007947,1.25,reports/keqingrl_discard_research_20260425_candidates_checkpoint_rerun/configs/rerun_000_source_93/policy_final.pt,689ed3bc4eacbde87049309fe6a37182cffa1baa03338b8ed653ebab516854fc,0.2,"{""entropy_coef"":0.01,""lr"":3e-05,""opponent_mode"":""rulebase"",""rule_kl_coef"":0.01}",rulebase/rule_kl=0.01/entropy=0.01/lr=3e-05,reports/keqingrl_discard_research_20260425_candidates_checkpoint_rerun/configs/rerun_000_source_93/config.json,11,0.01,2,0.003,0,rulebase,2,11,tempered_current_logits,0,-0.8744953599843112,0.01,0.25,2,93,0.18181818181818182,8,0
1.6374775562435389,1.25,reports/keqingrl_discard_research_20260425_candidates_checkpoint_rerun/configs/rerun_000_source_93/policy_final.pt,689ed3bc4eacbde87049309fe6a37182cffa1baa03338b8ed653ebab516854fc,0.2,"{""entropy_coef"":0.01,""lr"":3e-05,""opponent_mode"":""rulebase"",""rule_kl_coef"":0.01}",rulebase/rule_kl=0.01/entropy=0.01/lr=3e-05,reports/keqingrl_discard_research_20260425_candidates_checkpoint_rerun/configs/rerun_000_source_93/config.json,18,0.01,2,0.003,5,rulebase,2,13,tempered_current_logits,0,-0.8024308946397569,0.01,0.25,3,93,0.027777777777777776,8,0
1.9706238260411697,1.25,reports/keqingrl_discard_research_20260425_candidates_checkpoint_rerun/configs/rerun_000_source_93/policy_final.pt,689ed3bc4eacbde87049309fe6a37182cffa1baa03338b8ed653ebab516854fc,0.2,"{""entropy_coef"":0.01,""lr"":3e-05,""opponent_mode"":""rulebase"",""rule_kl_coef"":0.01}",rulebase/rule_kl=0.01/entropy=0.01/lr=3e-05,reports/keqingrl_discard_research_20260425_candidates_checkpoint_rerun/configs/rerun_000_source_93/config.json,23,0.01,2,0.003,3,rulebase,2,20,tempered_current_logits,0,-0.8453467566034069,0.01,0.25,4,93,0.021739130434782608,8,0
2.268941652166712,1.25,reports/keqingrl_discard_research_20260425_candidates_checkpoint_rerun/configs/rerun_000_source_93/policy_final.pt,689ed3bc4eacbde87049309fe6a37182cffa1baa03338b8ed653ebab516854fc,0.2,"{""entropy_coef"":0.01,""lr"":3e-05,""opponent_mode"":""rulebase"",""rule_kl_coef"":0.01}",rulebase/rule_kl=0.01/entropy=0.01/lr=3e-05,reports/keqingrl_discard_research_20260425_candidates_checkpoint_rerun/configs/rerun_000_source_93/config.json,17,0.01,2,0.003,0,rulebase,2,17,tempered_current_logits,0,-0.9080431180841783,0.01,0.25,5,93,-0.14705882352941177,8,0
1.3690028495620936,1.25,reports/keqingrl_discard_research_20260425_candidates_checkpoint_rerun/configs/rerun_000_source_93/policy_final.pt,689ed3bc4eacbde87049309fe6a37182cffa1baa03338b8ed653ebab516854fc,0.2,"{""entropy_coef"":0.01,""lr"":3e-05,""opponent_mode"":""rulebase"",""rule_kl_coef"":0.01}",rulebase/rule_kl=0.01/entropy=0.01/lr=3e-05,reports/keqingrl_discard_research_20260425_candidates_checkpoint_rerun/configs/rerun_000_source_93/config.json,12,0.01,2,0.003,3,rulebase,2,9,tempered_current_logits,0,-0.8200842887163162,0.01,0.25,6,93,0.125,8,0
1.196227291236735,1.25,reports/keqingrl_discard_research_20260425_candidates_checkpoint_rerun/configs/rerun_000_source_93/policy_final.pt,689ed3bc4eacbde87049309fe6a37182cffa1baa03338b8ed653ebab516854fc,0.2,"{""entropy_coef"":0.01,""lr"":3e-05,""opponent_mode"":""rulebase"",""rule_kl_coef"":0.01}",rulebase/rule_kl=0.01/entropy=0.01/lr=3e-05,reports/keqingrl_discard_research_20260425_candidates_checkpoint_rerun/configs/rerun_000_source_93/config.json,18,0.01,2,0.003,4,rulebase,2,14,tempered_current_logits,0,-1.06503912475374,0.01,0.25,7,93,-0.4722222222222222,8,0
1.8219562218739436,1.25,reports/keqingrl_discard_research_20260425_candidates_checkpoint_rerun/configs/rerun_000_source_93/policy_final.pt,689ed3bc4eacbde87049309fe6a37182cffa1baa03338b8ed653ebab516854fc,0.2,"{""entropy_coef"":0.01,""lr"":3e-05,""opponent_mode"":""rulebase"",""rule_kl_coef"":0.01}",rulebase/rule_kl=0.01/entropy=0.01/lr=3e-05,reports/keqingrl_discard_research_20260425_candidates_checkpoint_rerun/configs/rerun_000_source_93/config.json,13,0.01,2,0.003,0,rulebase,2,13,tempered_current_logits,0,-0.8106548006717975,0.01,0.25,8,93,0.038461538461538464,8,0
1.4462117347866297,1.25,reports/keqingrl_discard_research_20260425_candidates_checkpoint_rerun/configs/rerun_000_source_93/policy_final.pt,689ed3bc4eacbde87049309fe6a37182cffa1baa03338b8ed653ebab516854fc,0.2,"{""entropy_coef"":0.01,""lr"":3e-05,""opponent_mode"":""rulebase"",""rule_kl_coef"":0.01}",rulebase/rule_kl=0.01/entropy=0.01/lr=3e-05,reports/keqingrl_discard_research_20260425_candidates_checkpoint_rerun/configs/rerun_000_source_93/config.json,16,0.01,2,0.003,4,rulebase,2,12,tempered_current_logits,0,-1.0489284247159958,0.01,0.25,9,93,-0.40625,8,0
1.0363898110773526,1.25,reports/keqingrl_discard_research_20260425_candidates_checkpoint_rerun/configs/rerun_000_source_93/policy_final.pt,689ed3bc4eacbde87049309fe6a37182cffa1baa03338b8ed653ebab516854fc,0.2,"{""entropy_coef"":0.01,""lr"":3e-05,""opponent_mode"":""rulebase"",""rule_kl_coef"":0.01}",rulebase/rule_kl=0.01/entropy=0.01/lr=3e-05,reports/keqingrl_discard_research_20260425_candidates_checkpoint_rerun/configs/rerun_000_source_93/config.json,33,0.01,2,0.003,6,rulebase,2,27,tempered_current_logits,0,-1.1469698891495212,0.01,0.25,10,93,-0.2727272727272727,8,0
1.9338372434888567,1.25,reports/keqingrl_discard_research_20260425_candidates_checkpoint_rerun/configs/rerun_000_source_93/policy_final.pt,689ed3bc4eacbde87049309fe6a37182cffa1baa03338b8ed653ebab516854fc,0.2,"{""entropy_coef"":0.01,""lr"":3e-05,""opponent_mode"":""rulebase"",""rule_kl_coef"":0.01}",rulebase/rule_kl=0.01/entropy=0.01/lr=3e-05,reports/keqingrl_discard_research_20260425_candidates_checkpoint_rerun/configs/rerun_000_source_93/config.json,14,0.01,2,0.003,2,rulebase,2,12,tempered_current_logits,0,-0.7747114045279366,0.01,0.25,11,93,0.32142857142857145,8,0
1.7036215265591939,1.25,reports/keqingrl_discard_research_20260425_candidates_checkpoint_rerun/configs/rerun_000_source_93/policy_final.pt,689ed3bc4eacbde87049309fe6a37182cffa1baa03338b8ed653ebab516854fc,0.2,"{""entropy_coef"":0.01,""lr"":3e-05,""opponent_mode"":""rulebase"",""rule_kl_coef"":0.01}",rulebase/rule_kl=0.01/entropy=0.01/lr=3e-05,reports/keqingrl_discard_research_20260425_candidates_checkpoint_rerun/configs/rerun_000_source_93/config.json,6,0.01,2,0.003,0,rulebase,2,6,tempered_current_logits,0,-1.3687015573183696,0.01,0.25,12,93,-0.75,8,0
2.8227081298828125,1.25,reports/keqingrl_discard_research_20260425_candidates_checkpoint_rerun/configs/rerun_000_source_93/policy_final.pt,689ed3bc4eacbde87049309fe6a37182cffa1baa03338b8ed653ebab516854fc,0.2,"{""entropy_coef"":0.01,""lr"":3e-05,""opponent_mode"":""rulebase"",""rule_kl_coef"":0.01}",rulebase/rule_kl=0.01/entropy=0.01/lr=3e-05,reports/keqingrl_discard_research_20260425_candidates_checkpoint_rerun/configs/rerun_000_source_93/config.json,1,0.01,2,0.003,0,rulebase,2,1,tempered_current_logits,0,0.35137391090393066,0.01,0.25,13,93,0.5,8,0
0.08434385657310486,1.25,reports/keqingrl_discard_research_20260425_candidates_checkpoint_rerun/configs/rerun_000_source_93/policy_final.pt,689ed3bc4eacbde87049309fe6a37182cffa1baa03338b8ed653ebab516854fc,0.2,"{""entropy_coef"":0.01,""lr"":3e-05,""opponent_mode"":""rulebase"",""rule_kl_coef"":0.01}",rulebase/rule_kl=0.01/entropy=0.01/lr=3e-05,reports/keqingrl_discard_research_20260425_candidates_checkpoint_rerun/configs/rerun_000_source_93/config.json,25,0.01,0,0.003,10,rulebase,3,15,tempered_current_logits,0,-0.20114486694335937,0.01,0.1,1,93,-0.1,8,0
0.21653375625610352,1.25,reports/keqingrl_discard_research_20260425_candidates_checkpoint_rerun/configs/rerun_000_source_93/policy_final.pt,689ed3bc4eacbde87049309fe6a37182cffa1baa03338b8ed653ebab516854fc,0.2,"{""entropy_coef"":0.01,""lr"":3e-05,""opponent_mode"":""rulebase"",""rule_kl_coef"":0.01}",rulebase/rule_kl=0.01/entropy=0.01/lr=3e-05,reports/keqingrl_discard_research_20260425_candidates_checkpoint_rerun/configs/rerun_000_source_93/config.json,15,0.01,0,0.003,5,rulebase,3,10,tempered_current_logits,0,-0.07128095626831055,0.01,0.1,2,93,0.06666666666666667,8,0
0.3545370822151502,1.25,reports/keqingrl_discard_research_20260425_candidates_checkpoint_rerun/configs/rerun_000_source_93/policy_final.pt,689ed3bc4eacbde87049309fe6a37182cffa1baa03338b8ed653ebab516854fc,0.2,"{""entropy_coef"":0.01,""lr"":3e-05,""opponent_mode"":""rulebase"",""rule_kl_coef"":0.01}",rulebase/rule_kl=0.01/entropy=0.01/lr=3e-05,reports/keqingrl_discard_research_20260425_candidates_checkpoint_rerun/configs/rerun_000_source_93/config.json,18,0.01,0,0.003,4,rulebase,3,14,tempered_current_logits,0,0.06929161358210775,0.01,0.1,3,93,0.2777777777777778,8,0
0.11650163928667705,1.25,reports/keqingrl_discard_research_20260425_candidates_checkpoint_rerun/configs/rerun_000_source_93/policy_final.pt,689ed3bc4eacbde87049309fe6a37182cffa1baa03338b8ed653ebab516854fc,0.2,"{""entropy_coef"":0.01,""lr"":3e-05,""opponent_mode"":""rulebase"",""rule_kl_coef"":0.01}",rulebase/rule_kl=0.01/entropy=0.01/lr=3e-05,reports/keqingrl_discard_research_20260425_candidates_checkpoint_rerun/configs/rerun_000_source_93/config.json,18,0.01,0,0.003,6,rulebase,3,12,tempered_current_logits,0,-0.1593102382289039,0.01,0.1,4,93,0.0,8,0
0.18995533076425394,1.25,reports/keqingrl_discard_research_20260425_candidates_checkpoint_rerun/configs/rerun_000_source_93/policy_final.pt,689ed3bc4eacbde87049309fe6a37182cffa1baa03338b8ed653ebab516854fc,0.2,"{""entropy_coef"":0.01,""lr"":3e-05,""opponent_mode"":""rulebase"",""rule_kl_coef"":0.01}",rulebase/rule_kl=0.01/entropy=0.01/lr=3e-05,reports/keqingrl_discard_research_20260425_candidates_checkpoint_rerun/configs/rerun_000_source_93/config.json,24,0.01,0,0.003,8,rulebase,3,16,tempered_current_logits,0,-0.09242987260222435,0.01,0.1,5,93,0.041666666666666664,8,0
0.3647892442014482,1.25,reports/keqingrl_discard_research_20260425_candidates_checkpoint_rerun/configs/rerun_000_source_93/policy_final.pt,689ed3bc4eacbde87049309fe6a37182cffa1baa03338b8ed653ebab516854fc,0.2,"{""entropy_coef"":0.01,""lr"":3e-05,""opponent_mode"":""rulebase"",""rule_kl_coef"":0.01}",rulebase/rule_kl=0.01/entropy=0.01/lr=3e-05,reports/keqingrl_discard_research_20260425_candidates_checkpoint_rerun/configs/rerun_000_source_93/config.json,18,0.01,0,0.003,5,rulebase,3,13,tempered_current_logits,0,0.049927376210689545,0.01,0.1,6,93,0.2222222222222222,8,0
0.06136714393893878,1.25,reports/keqingrl_discard_research_20260425_candidates_checkpoint_rerun/configs/rerun_000_source_93/policy_final.pt,689ed3bc4eacbde87049309fe6a37182cffa1baa03338b8ed653ebab516854fc,0.2,"{""entropy_coef"":0.01,""lr"":3e-05,""opponent_mode"":""rulebase"",""rule_kl_coef"":0.01}",rulebase/rule_kl=0.01/entropy=0.01/lr=3e-05,reports/keqingrl_discard_research_20260425_candidates_checkpoint_rerun/configs/rerun_000_source_93/config.json,30,0.01,0,0.003,11,rulebase,3,19,tempered_current_logits,0,-0.2168587086101373,0.01,0.1,7,93,-0.1,8,0
-0.06941302286254035,1.25,reports/keqingrl_discard_research_20260425_candidates_checkpoint_rerun/configs/rerun_000_source_93/policy_final.pt,689ed3bc4eacbde87049309fe6a37182cffa1baa03338b8ed653ebab516854fc,0.2,"{""entropy_coef"":0.01,""lr"":3e-05,""opponent_mode"":""rulebase"",""rule_kl_coef"":0.01}",rulebase/rule_kl=0.01/entropy=0.01/lr=3e-05,reports/keqingrl_discard_research_20260425_candidates_checkpoint_rerun/configs/rerun_000_source_93/config.json,18,0.01,0,0.003,9,rulebase,3,9,tempered_current_logits,0,-0.3561282546983825,0.01,0.1,8,93,-0.3611111111111111,8,0
-0.00474274717271328,1.25,reports/keqingrl_discard_research_20260425_candidates_checkpoint_rerun/configs/rerun_000_source_93/policy_final.pt,689ed3bc4eacbde87049309fe6a37182cffa1baa03338b8ed653ebab516854fc,0.2,"{""entropy_coef"":0.01,""lr"":3e-05,""opponent_mode"":""rulebase"",""rule_kl_coef"":0.01}",rulebase/rule_kl=0.01/entropy=0.01/lr=3e-05,reports/keqingrl_discard_research_20260425_candidates_checkpoint_rerun/configs/rerun_000_source_93/config.json,16,0.01,0,0.003,8,rulebase,3,8,tempered_current_logits,0,-0.32329418510198593,0.01,0.1,9,93,-0.28125,8,0
0.11114791473921608,1.25,reports/keqingrl_discard_research_20260425_candidates_checkpoint_rerun/configs/rerun_000_source_93/policy_final.pt,689ed3bc4eacbde87049309fe6a37182cffa1baa03338b8ed653ebab516854fc,0.2,"{""entropy_coef"":0.01,""lr"":3e-05,""opponent_mode"":""rulebase"",""rule_kl_coef"":0.01}",rulebase/rule_kl=0.01/entropy=0.01/lr=3e-05,reports/keqingrl_discard_research_20260425_candidates_checkpoint_rerun/configs/rerun_000_source_93/config.json,17,0.01,0,0.003,6,rulebase,3,11,tempered_current_logits,0,-0.1571481052566977,0.01,0.1,10,93,0.0,8,0
0.3818164606889089,1.25,reports/keqingrl_discard_research_20260425_candidates_checkpoint_rerun/configs/rerun_000_source_93/policy_final.pt,689ed3bc4eacbde87049309fe6a37182cffa1baa03338b8ed653ebab516854fc,0.2,"{""entropy_coef"":0.01,""lr"":3e-05,""opponent_mode"":""rulebase"",""rule_kl_coef"":0.01}",rulebase/rule_kl=0.01/entropy=0.01/lr=3e-05,reports/keqingrl_discard_research_20260425_candidates_checkpoint_rerun/configs/rerun_000_source_93/config.json,15,0.01,0,0.003,3,rulebase,3,12,tempered_current_logits,0,0.07161906361579895,0.01,0.1,11,93,0.26666666666666666,8,0
0.3349383741617203,1.25,reports/keqingrl_discard_research_20260425_candidates_checkpoint_rerun/configs/rerun_000_source_93/policy_final.pt,689ed3bc4eacbde87049309fe6a37182cffa1baa03338b8ed653ebab516854fc,0.2,"{""entropy_coef"":0.01,""lr"":3e-05,""opponent_mode"":""rulebase"",""rule_kl_coef"":0.01}",rulebase/rule_kl=0.01/entropy=0.01/lr=3e-05,reports/keqingrl_discard_research_20260425_candidates_checkpoint_rerun/configs/rerun_000_source_93/config.json,10,0.01,0,0.003,2,rulebase,3,8,tempered_current_logits,0,0.10673145800828934,0.01,0.1,12,93,0.35,8,0
0.7184028476476669,1.25,reports/keqingrl_discard_research_20260425_candidates_checkpoint_rerun/configs/rerun_000_source_93/policy_final.pt,689ed3bc4eacbde87049309fe6a37182cffa1baa03338b8ed653ebab516854fc,0.2,"{""entropy_coef"":0.01,""lr"":3e-05,""opponent_mode"":""rulebase"",""rule_kl_coef"":0.01}",rulebase/rule_kl=0.01/entropy=0.01/lr=3e-05,reports/keqingrl_discard_research_20260425_candidates_checkpoint_rerun/configs/rerun_000_source_93/config.json,4,0.01,0,0.003,0,rulebase,3,4,tempered_current_logits,0,0.5197375081479549,0.01,0.1,13,93,0.75,8,0
0.142882838845253,1.25,reports/keqingrl_discard_research_20260425_candidates_checkpoint_rerun/configs/rerun_000_source_93/policy_final.pt,689ed3bc4eacbde87049309fe6a37182cffa1baa03338b8ed653ebab516854fc,0.2,"{""entropy_coef"":0.01,""lr"":3e-05,""opponent_mode"":""rulebase"",""rule_kl_coef"":0.01}",rulebase/rule_kl=0.01/entropy=0.01/lr=3e-05,reports/keqingrl_discard_research_20260425_candidates_checkpoint_rerun/configs/rerun_000_source_93/config.json,1,0.01,0,0.003,0,rulebase,3,1,tempered_current_logits,0,0.08302834630012512,0.01,0.1,14,93,0.5,8,0
0.039406416592774565,1.25,reports/keqingrl_discard_research_20260425_candidates_checkpoint_rerun/configs/rerun_000_source_93/policy_final.pt,689ed3bc4eacbde87049309fe6a37182cffa1baa03338b8ed653ebab516854fc,0.2,"{""entropy_coef"":0.01,""lr"":3e-05,""opponent_mode"":""rulebase"",""rule_kl_coef"":0.01}",rulebase/rule_kl=0.01/entropy=0.01/lr=3e-05,reports/keqingrl_discard_research_20260425_candidates_checkpoint_rerun/configs/rerun_000_source_93/config.json,27,0.01,1,0.003,8,rulebase,3,19,tempered_current_logits,0,0.19327147360201236,0.01,0.1,1,93,0.2037037037037037,8,0
-0.20371019139009364,1.25,reports/keqingrl_discard_research_20260425_candidates_checkpoint_rerun/configs/rerun_000_source_93/policy_final.pt,689ed3bc4eacbde87049309fe6a37182cffa1baa03338b8ed653ebab516854fc,0.2,"{""entropy_coef"":0.01,""lr"":3e-05,""opponent_mode"":""rulebase"",""rule_kl_coef"":0.01}",rulebase/rule_kl=0.01/entropy=0.01/lr=3e-05,reports/keqingrl_discard_research_20260425_candidates_checkpoint_rerun/configs/rerun_000_source_93/config.json,34,0.01,1,0.003,14,rulebase,3,20,tempered_current_logits,0,0.01109487344236935,0.01,0.1,2,93,-0.10294117647058823,8,0
-0.05797904067569309,1.25,reports/keqingrl_discard_research_20260425_candidates_checkpoint_rerun/configs/rerun_000_source_93/policy_final.pt,689ed3bc4eacbde87049309fe6a37182cffa1baa03338b8ed653ebab516854fc,0.2,"{""entropy_coef"":0.01,""lr"":3e-05,""opponent_mode"":""rulebase"",""rule_kl_coef"":0.01}",rulebase/rule_kl=0.01/entropy=0.01/lr=3e-05,reports/keqingrl_discard_research_20260425_candidates_checkpoint_rerun/configs/rerun_000_source_93/config.json,18,0.01,1,0.003,6,rulebase,3,12,tempered_current_logits,0,0.10272219777107239,0.01,0.1,3,93,0.08333333333333333,8,0
-0.23604847697748077,1.25,reports/keqingrl_discard_research_20260425_candidates_checkpoint_rerun/configs/rerun_000_source_93/policy_final.pt,689ed3bc4eacbde87049309fe6a37182cffa1baa03338b8ed653ebab516854fc,0.2,"{""entropy_coef"":0.01,""lr"":3e-05,""opponent_mode"":""rulebase"",""rule_kl_coef"":0.01}",rulebase/rule_kl=0.01/entropy=0.01/lr=3e-05,reports/keqingrl_discard_research_20260425_candidates_checkpoint_rerun/configs/rerun_000_source_93/config.json,18,0.01,1,0.003,6,rulebase,3,12,tempered_current_logits,0,0.030406397249963548,0.01,0.1,4,93,0.05555555555555555,8,0
0.1313281584353674,1.25,reports/keqingrl_discard_research_20260425_candidates_checkpoint_rerun/configs/rerun_000_source_93/policy_final.pt,689ed3bc4eacbde87049309fe6a37182cffa1baa03338b8ed653ebab516854fc,0.2,"{""entropy_coef"":0.01,""lr"":3e-05,""opponent_mode"":""rulebase"",""rule_kl_coef"":0.01}",rulebase/rule_kl=0.01/entropy=0.01/lr=3e-05,reports/keqingrl_discard_research_20260425_candidates_checkpoint_rerun/configs/rerun_000_source_93/config.json,21,0.01,1,0.003,4,rulebase,3,17,tempered_current_logits,0,0.4009425782022022,0.01,0.1,5,93,0.4523809523809524,8,0
-0.3390308480177607,1.25,reports/keqingrl_discard_research_20260425_candidates_checkpoint_rerun/configs/rerun_000_source_93/policy_final.pt,689ed3bc4eacbde87049309fe6a37182cffa1baa03338b8ed653ebab516854fc,0.2,"{""entropy_coef"":0.01,""lr"":3e-05,""opponent_mode"":""rulebase"",""rule_kl_coef"":0.01}",rulebase/rule_kl=0.01/entropy=0.01/lr=3e-05,reports/keqingrl_discard_research_20260425_candidates_checkpoint_rerun/configs/rerun_000_source_93/config.json,14,0.01,1,0.003,6,rulebase,3,8,tempered_current_logits,0,-0.12865246619497026,0.01,0.1,6,93,-0.14285714285714285,8,0
-0.047504851451286904,1.25,reports/keqingrl_discard_research_20260425_candidates_checkpoint_rerun/configs/rerun_000_source_93/policy_final.pt,689ed3bc4eacbde87049309fe6a37182cffa1baa03338b8ed653ebab516854fc,0.2,"{""entropy_coef"":0.01,""lr"":3e-05,""opponent_mode"":""rulebase"",""rule_kl_coef"":0.01}",rulebase/rule_kl=0.01/entropy=0.01/lr=3e-05,reports/keqingrl_discard_research_20260425_candidates_checkpoint_rerun/configs/rerun_000_source_93/config.json,13,0.01,1,0.003,4,rulebase,3,9,tempered_current_logits,0,0.10310848171894367,0.01,0.1,7,93,0.19230769230769232,8,0
0.09331295639276505,1.25,reports/keqingrl_discard_research_20260425_candidates_checkpoint_rerun/configs/rerun_000_source_93/policy_final.pt,689ed3bc4eacbde87049309fe6a37182cffa1baa03338b8ed653ebab516854fc,0.2,"{""entropy_coef"":0.01,""lr"":3e-05,""opponent_mode"":""rulebase"",""rule_kl_coef"":0.01}",rulebase/rule_kl=0.01/entropy=0.01/lr=3e-05,reports/keqingrl_discard_research_20260425_candidates_checkpoint_rerun/configs/rerun_000_source_93/config.json,23,0.01,1,0.003,5,rulebase,3,18,tempered_current_logits,0,0.2951936229415562,0.01,0.1,8,93,0.32608695652173914,8,0
-0.2932399706915021,1.25,reports/keqingrl_discard_research_20260425_candidates_checkpoint_rerun/configs/rerun_000_source_93/policy_final.pt,689ed3bc4eacbde87049309fe6a37182cffa1baa03338b8ed653ebab516854fc,0.2,"{""entropy_coef"":0.01,""lr"":3e-05,""opponent_mode"":""rulebase"",""rule_kl_coef"":0.01}",rulebase/rule_kl=0.01/entropy=0.01/lr=3e-05,reports/keqingrl_discard_research_20260425_candidates_checkpoint_rerun/configs/rerun_000_source_93/config.json,16,0.01,1,0.003,7,rulebase,3,9,tempered_current_logits,0,-0.09666425734758377,0.01,0.1,9,93,-0.21875,8,0
0.11332305812317392,1.25,reports/keqingrl_discard_research_20260425_candidates_checkpoint_rerun/configs/rerun_000_source_93/policy_final.pt,689ed3bc4eacbde87049309fe6a37182cffa1baa03338b8ed653ebab516854fc,0.2,"{""entropy_coef"":0.01,""lr"":3e-05,""opponent_mode"":""rulebase"",""rule_kl_coef"":0.01}",rulebase/rule_kl=0.01/entropy=0.01/lr=3e-05,reports/keqingrl_discard_research_20260425_candidates_checkpoint_rerun/configs/rerun_000_source_93/config.json,23,0.01,1,0.003,5,rulebase,3,18,tempered_current_logits,0,0.34947132286818133,0.01,0.1,10,93,0.391304347826087,8,0
-0.2977409015099208,1.25,reports/keqingrl_discard_research_20260425_candidates_checkpoint_rerun/configs/rerun_000_source_93/policy_final.pt,689ed3bc4eacbde87049309fe6a37182cffa1baa03338b8ed653ebab516854fc,0.2,"{""entropy_coef"":0.01,""lr"":3e-05,""opponent_mode"":""rulebase"",""rule_kl_coef"":0.01}",rulebase/rule_kl=0.01/entropy=0.01/lr=3e-05,reports/keqingrl_discard_research_20260425_candidates_checkpoint_rerun/configs/rerun_000_source_93/config.json,18,0.01,1,0.003,8,rulebase,3,10,tempered_current_logits,0,-0.018767760859595403,0.01,0.1,11,93,-0.1111111111111111,8,0
-0.355953914920489,1.25,reports/keqingrl_discard_research_20260425_candidates_checkpoint_rerun/configs/rerun_000_source_93/policy_final.pt,689ed3bc4eacbde87049309fe6a37182cffa1baa03338b8ed653ebab516854fc,0.2,"{""entropy_coef"":0.01,""lr"":3e-05,""opponent_mode"":""rulebase"",""rule_kl_coef"":0.01}",rulebase/rule_kl=0.01/entropy=0.01/lr=3e-05,reports/keqingrl_discard_research_20260425_candidates_checkpoint_rerun/configs/rerun_000_source_93/config.json,15,0.01,1,0.003,8,rulebase,3,7,tempered_current_logits,0,-0.18086174726486207,0.01,0.1,12,93,-0.36666666666666664,8,0
-0.2879413602252801,1.25,reports/keqingrl_discard_research_20260425_candidates_checkpoint_rerun/configs/rerun_000_source_93/policy_final.pt,689ed3bc4eacbde87049309fe6a37182cffa1baa03338b8ed653ebab516854fc,0.2,"{""entropy_coef"":0.01,""lr"":3e-05,""opponent_mode"":""rulebase"",""rule_kl_coef"":0.01}",rulebase/rule_kl=0.01/entropy=0.01/lr=3e-05,reports/keqingrl_discard_research_20260425_candidates_checkpoint_rerun/configs/rerun_000_source_93/config.json,6,0.01,1,0.003,3,rulebase,3,3,tempered_current_logits,0,-0.11688695847988129,0.01,0.1,13,93,-0.3333333333333333,8,0
-1.2303365468978882,1.25,reports/keqingrl_discard_research_20260425_candidates_checkpoint_rerun/configs/rerun_000_source_93/policy_final.pt,689ed3bc4eacbde87049309fe6a37182cffa1baa03338b8ed653ebab516854fc,0.2,"{""entropy_coef"":0.01,""lr"":3e-05,""opponent_mode"":""rulebase"",""rule_kl_coef"":0.01}",rulebase/rule_kl=0.01/entropy=0.01/lr=3e-05,reports/keqingrl_discard_research_20260425_candidates_checkpoint_rerun/configs/rerun_000_source_93/config.json,1,0.01,1,0.003,1,rulebase,3,0,tempered_current_logits,0,-0.8664340376853943,0.01,0.1,14,93,-1.5,8,0
-0.4544814565777779,1.25,reports/keqingrl_discard_research_20260425_candidates_checkpoint_rerun/configs/rerun_000_source_93/policy_final.pt,689ed3bc4eacbde87049309fe6a37182cffa1baa03338b8ed653ebab516854fc,0.2,"{""entropy_coef"":0.01,""lr"":3e-05,""opponent_mode"":""rulebase"",""rule_kl_coef"":0.01}",rulebase/rule_kl=0.01/entropy=0.01/lr=3e-05,reports/keqingrl_discard_research_20260425_candidates_checkpoint_rerun/configs/rerun_000_source_93/config.json,25,0.01,2,0.003,17,rulebase,3,8,tempered_current_logits,0,-0.47821048974990843,0.01,0.1,1,93,-0.78,8,0
-0.3645604294207361,1.25,reports/keqingrl_discard_research_20260425_candidates_checkpoint_rerun/configs/rerun_000_source_93/policy_final.pt,689ed3bc4eacbde87049309fe6a37182cffa1baa03338b8ed653ebab516854fc,0.2,"{""entropy_coef"":0.01,""lr"":3e-05,""opponent_mode"":""rulebase"",""rule_kl_coef"":0.01}",rulebase/rule_kl=0.01/entropy=0.01/lr=3e-05,reports/keqingrl_discard_research_20260425_candidates_checkpoint_rerun/configs/rerun_000_source_93/config.json,18,0.01,2,0.003,10,rulebase,3,8,tempered_current_logits,0,-0.30338677101665074,0.01,0.1,2,93,-0.4722222222222222,8,0
-0.5834790510790688,1.25,reports/keqingrl_discard_research_20260425_candidates_checkpoint_rerun/configs/rerun_000_source_93/policy_final.pt,689ed3bc4eacbde87049309fe6a37182cffa1baa03338b8ed653ebab516854fc,0.2,"{""entropy_coef"":0.01,""lr"":3e-05,""opponent_mode"":""rulebase"",""rule_kl_coef"":0.01}",rulebase/rule_kl=0.01/entropy=0.01/lr=3e-05,reports/keqingrl_discard_research_20260425_candidates_checkpoint_rerun/configs/rerun_000_source_93/config.json,14,0.01,2,0.003,9,rulebase,3,5,tempered_current_logits,0,-0.49953149046216694,0.01,0.1,3,93,-0.6428571428571429,8,0
-0.8076903443587454,1.25,reports/keqingrl_discard_research_20260425_candidates_checkpoint_rerun/configs/rerun_000_source_93/policy_final.pt,689ed3bc4eacbde87049309fe6a37182cffa1baa03338b8ed653ebab516854fc,0.2,"{""entropy_coef"":0.01,""lr"":3e-05,""opponent_mode"":""rulebase"",""rule_kl_coef"":0.01}",rulebase/rule_kl=0.01/entropy=0.01/lr=3e-05,reports/keqingrl_discard_research_20260425_candidates_checkpoint_rerun/configs/rerun_000_source_93/config.json,19,0.01,2,0.003,15,rulebase,3,4,tempered_current_logits,0,-0.7806711102786817,0.01,0.1,4,93,-1.0526315789473684,8,0
-0.3349483661791858,1.25,reports/keqingrl_discard_research_20260425_candidates_checkpoint_rerun/configs/rerun_000_source_93/policy_final.pt,689ed3bc4eacbde87049309fe6a37182cffa1baa03338b8ed653ebab516854fc,0.2,"{""entropy_coef"":0.01,""lr"":3e-05,""opponent_mode"":""rulebase"",""rule_kl_coef"":0.01}",rulebase/rule_kl=0.01/entropy=0.01/lr=3e-05,reports/keqingrl_discard_research_20260425_candidates_checkpoint_rerun/configs/rerun_000_source_93/config.json,17,0.01,2,0.003,9,rulebase,3,8,tempered_current_logits,0,-0.3034876725252937,0.01,0.1,5,93,-0.47058823529411764,8,0
-0.3802724982853289,1.25,reports/keqingrl_discard_research_20260425_candidates_checkpoint_rerun/configs/rerun_000_source_93/policy_final.pt,689ed3bc4eacbde87049309fe6a37182cffa1baa03338b8ed653ebab516854fc,0.2,"{""entropy_coef"":0.01,""lr"":3e-05,""opponent_mode"":""rulebase"",""rule_kl_coef"":0.01}",rulebase/rule_kl=0.01/entropy=0.01/lr=3e-05,reports/keqingrl_discard_research_20260425_candidates_checkpoint_rerun/configs/rerun_000_source_93/config.json,27,0.01,2,0.003,15,rulebase,3,12,tempered_current_logits,0,-0.36227444035035594,0.01,0.1,6,93,-0.5555555555555556,8,0
-0.5488445479422808,1.25,reports/keqingrl_discard_research_20260425_candidates_checkpoint_rerun/configs/rerun_000_source_93/policy_final.pt,689ed3bc4eacbde87049309fe6a37182cffa1baa03338b8ed653ebab516854fc,0.2,"{""entropy_coef"":0.01,""lr"":3e-05,""opponent_mode"":""rulebase"",""rule_kl_coef"":0.01}",rulebase/rule_kl=0.01/entropy=0.01/lr=3e-05,reports/keqingrl_discard_research_20260425_candidates_checkpoint_rerun/configs/rerun_000_source_93/config.json,16,0.01,2,0.003,10,rulebase,3,6,tempered_current_logits,0,-0.4581784140318632,0.01,0.1,7,93,-0.625,8,0
-0.00539443294207255,1.25,reports/keqingrl_discard_research_20260425_candidates_checkpoint_rerun/configs/rerun_000_source_93/policy_final.pt,689ed3bc4eacbde87049309fe6a37182cffa1baa03338b8ed653ebab516854fc,0.2,"{""entropy_coef"":0.01,""lr"":3e-05,""opponent_mode"":""rulebase"",""rule_kl_coef"":0.01}",rulebase/rule_kl=0.01/entropy=0.01/lr=3e-05,reports/keqingrl_discard_research_20260425_candidates_checkpoint_rerun/configs/rerun_000_source_93/config.json,15,0.01,2,0.003,5,rulebase,3,10,tempered_current_logits,0,0.061823161443074544,0.01,0.1,8,93,0.03333333333333333,8,0
-0.8330691775873952,1.25,reports/keqingrl_discard_research_20260425_candidates_checkpoint_rerun/configs/rerun_000_source_93/policy_final.pt,689ed3bc4eacbde87049309fe6a37182cffa1baa03338b8ed653ebab516854fc,0.2,"{""entropy_coef"":0.01,""lr"":3e-05,""opponent_mode"":""rulebase"",""rule_kl_coef"":0.01}",rulebase/rule_kl=0.01/entropy=0.01/lr=3e-05,reports/keqingrl_discard_research_20260425_candidates_checkpoint_rerun/configs/rerun_000_source_93/config.json,23,0.01,2,0.003,17,rulebase,3,6,tempered_current_logits,0,-0.7571802644625955,0.01,0.1,9,93,-0.9565217391304348,8,0
-0.4788735242266404,1.25,reports/keqingrl_discard_research_20260425_candidates_checkpoint_rerun/configs/rerun_000_source_93/policy_final.pt,689ed3bc4eacbde87049309fe6a37182cffa1baa03338b8ed653ebab516854fc,0.2,"{""entropy_coef"":0.01,""lr"":3e-05,""opponent_mode"":""rulebase"",""rule_kl_coef"":0.01}",rulebase/rule_kl=0.01/entropy=0.01/lr=3e-05,reports/keqingrl_discard_research_20260425_candidates_checkpoint_rerun/configs/rerun_000_source_93/config.json,19,0.01,2,0.003,10,rulebase,3,9,tempered_current_logits,0,-0.41197450380576284,0.01,0.1,10,93,-0.47368421052631576,8,0
-0.33713362986842793,1.25,reports/keqingrl_discard_research_20260425_candidates_checkpoint_rerun/configs/rerun_000_source_93/policy_final.pt,689ed3bc4eacbde87049309fe6a37182cffa1baa03338b8ed653ebab516854fc,0.2,"{""entropy_coef"":0.01,""lr"":3e-05,""opponent_mode"":""rulebase"",""rule_kl_coef"":0.01}",rulebase/rule_kl=0.01/entropy=0.01/lr=3e-05,reports/keqingrl_discard_research_20260425_candidates_checkpoint_rerun/configs/rerun_000_source_93/config.json,12,0.01,2,0.003,6,rulebase,3,6,tempered_current_logits,0,-0.3275758971770604,0.01,0.1,11,93,-0.4583333333333333,8,0
-0.4104497383038203,1.25,reports/keqingrl_discard_research_20260425_candidates_checkpoint_rerun/configs/rerun_000_source_93/policy_final.pt,689ed3bc4eacbde87049309fe6a37182cffa1baa03338b8ed653ebab516854fc,0.2,"{""entropy_coef"":0.01,""lr"":3e-05,""opponent_mode"":""rulebase"",""rule_kl_coef"":0.01}",rulebase/rule_kl=0.01/entropy=0.01/lr=3e-05,reports/keqingrl_discard_research_20260425_candidates_checkpoint_rerun/configs/rerun_000_source_93/config.json,9,0.01,2,0.003,5,rulebase,3,4,tempered_current_logits,0,-0.4389908015727997,0.01,0.1,12,93,-0.5555555555555556,8,0
-0.7467049573148999,1.25,reports/keqingrl_discard_research_20260425_candidates_checkpoint_rerun/configs/rerun_000_source_93/policy_final.pt,689ed3bc4eacbde87049309fe6a37182cffa1baa03338b8ed653ebab516854fc,0.2,"{""entropy_coef"":0.01,""lr"":3e-05,""opponent_mode"":""rulebase"",""rule_kl_coef"":0.01}",rulebase/rule_kl=0.01/entropy=0.01/lr=3e-05,reports/keqingrl_discard_research_20260425_candidates_checkpoint_rerun/configs/rerun_000_source_93/config.json,7,0.01,2,0.003,5,rulebase,3,2,tempered_current_logits,0,-0.6558988179479327,0.01,0.1,13,93,-0.9285714285714286,8,0
