advantage_mean,behavior_temperature,checkpoint_path,checkpoint_sha256,clip_eps,config_key,config_key_label,config_path,count,delta_clip,delta_clip_coef,delta_l2_coef,entropy_coef,iteration,lr,negative_advantage_count,opponent_mode,pilot_config_id,positive_advantage_count,ratio_mode,rerun_config_id,return_mean,rule_kl_coef,rule_score_scale,rule_score_scale_version,selected_prior_rank,source_config_id,terminal_reward_mean,update_epochs,zero_advantage_count
0.2563529821305439,1.25,reports/keqingrl_discard_research_20260425_candidates_checkpoint_rerun/configs/rerun_000_source_93/policy_final.pt,689ed3bc4eacbde87049309fe6a37182cffa1baa03338b8ed653ebab516854fc,0.2,"{""entropy_coef"":0.01,""lr"":3e-05,""opponent_mode"":""rulebase"",""rule_kl_coef"":0.01}",rulebase/rule_kl=0.01/entropy=0.01/lr=3e-05,reports/keqingrl_discard_research_20260425_candidates_checkpoint_rerun/configs/rerun_000_source_93/config.json,29,1.0,0.001,0.0,0.01,0,0.003,7,rulebase,0,22,tempered_current_logits,0,0.025342897865278966,0.005,0.25,keqingrl_rule_score_scale_v1,1,93,0.22413793103448276,4,0
0.7933387160301208,1.25,reports/keqingrl_discard_research_20260425_candidates_checkpoint_rerun/configs/rerun_000_source_93/policy_final.pt,689ed3bc4eacbde87049309fe6a37182cffa1baa03338b8ed653ebab516854fc,0.2,"{""entropy_coef"":0.01,""lr"":3e-05,""opponent_mode"":""rulebase"",""rule_kl_coef"":0.01}",rulebase/rule_kl=0.01/entropy=0.01/lr=3e-05,reports/keqingrl_discard_research_20260425_candidates_checkpoint_rerun/configs/rerun_000_source_93/config.json,11,1.0,0.001,0.0,0.01,0,0.003,0,rulebase,0,11,tempered_current_logits,0,0.5446096685799685,0.005,0.25,keqingrl_rule_score_scale_v1,2,93,0.7272727272727273,4,0
0.548580389469862,1.25,reports/keqingrl_discard_research_20260425_candidates_checkpoint_rerun/configs/rerun_000_source_93/policy_final.pt,689ed3bc4eacbde87049309fe6a37182cffa1baa03338b8ed653ebab516854fc,0.2,"{""entropy_coef"":0.01,""lr"":3e-05,""opponent_mode"":""rulebase"",""rule_kl_coef"":0.01}",rulebase/rule_kl=0.01/entropy=0.01/lr=3e-05,reports/keqingrl_discard_research_20260425_candidates_checkpoint_rerun/configs/rerun_000_source_93/config.json,16,1.0,0.001,0.0,0.01,0,0.003,2,rulebase,0,14,tempered_current_logits,0,0.3291541887447238,0.005,0.25,keqingrl_rule_score_scale_v1,3,93,0.5,4,0
0.18223056981438085,1.25,reports/keqingrl_discard_research_20260425_candidates_checkpoint_rerun/configs/rerun_000_source_93/policy_final.pt,689ed3bc4eacbde87049309fe6a37182cffa1baa03338b8ed653ebab516854fc,0.2,"{""entropy_coef"":0.01,""lr"":3e-05,""opponent_mode"":""rulebase"",""rule_kl_coef"":0.01}",rulebase/rule_kl=0.01/entropy=0.01/lr=3e-05,reports/keqingrl_discard_research_20260425_candidates_checkpoint_rerun/configs/rerun_000_source_93/config.json,19,1.0,0.001,0.0,0.01,0,0.003,5,rulebase,0,14,tempered_current_logits,0,-0.045821385164009895,0.005,0.25,keqingrl_rule_score_scale_v1,4,93,0.15789473684210525,4,0
0.33660090900957584,1.25,reports/keqingrl_discard_research_20260425_candidates_checkpoint_rerun/configs/rerun_000_source_93/policy_final.pt,689ed3bc4eacbde87049309fe6a37182cffa1baa03338b8ed653ebab516854fc,0.2,"{""entropy_coef"":0.01,""lr"":3e-05,""opponent_mode"":""rulebase"",""rule_kl_coef"":0.01}",rulebase/rule_kl=0.01/entropy=0.01/lr=3e-05,reports/keqingrl_discard_research_20260425_candidates_checkpoint_rerun/configs/rerun_000_source_93/config.json,16,1.0,0.001,0.0,0.01,0,0.003,3,rulebase,0,13,tempered_current_logits,0,0.11050030030310154,0.005,0.25,keqingrl_rule_score_scale_v1,5,93,0.3125,4,0
0.2158366935327649,1.25,reports/keqingrl_discard_research_20260425_candidates_checkpoint_rerun/configs/rerun_000_source_93/policy_final.pt,689ed3bc4eacbde87049309fe6a37182cffa1baa03338b8ed653ebab516854fc,0.2,"{""entropy_coef"":0.01,""lr"":3e-05,""opponent_mode"":""rulebase"",""rule_kl_coef"":0.01}",rulebase/rule_kl=0.01/entropy=0.01/lr=3e-05,reports/keqingrl_discard_research_20260425_candidates_checkpoint_rerun/configs/rerun_000_source_93/config.json,16,1.0,0.001,0.0,0.01,0,0.003,4,rulebase,0,12,tempered_current_logits,0,-0.012305799406021833,0.005,0.25,keqingrl_rule_score_scale_v1,6,93,0.125,4,0
0.5382201799324581,1.25,reports/keqingrl_discard_research_20260425_candidates_checkpoint_rerun/configs/rerun_000_source_93/policy_final.pt,689ed3bc4eacbde87049309fe6a37182cffa1baa03338b8ed653ebab516854fc,0.2,"{""entropy_coef"":0.01,""lr"":3e-05,""opponent_mode"":""rulebase"",""rule_kl_coef"":0.01}",rulebase/rule_kl=0.01/entropy=0.01/lr=3e-05,reports/keqingrl_discard_research_20260425_candidates_checkpoint_rerun/configs/rerun_000_source_93/config.json,14,1.0,0.001,0.0,0.01,0,0.003,1,rulebase,0,13,tempered_current_logits,0,0.30521874129772186,0.005,0.25,keqingrl_rule_score_scale_v1,7,93,0.5357142857142857,4,0
0.5051090812141245,1.25,reports/keqingrl_discard_research_20260425_candidates_checkpoint_rerun/configs/rerun_000_source_93/policy_final.pt,689ed3bc4eacbde87049309fe6a37182cffa1baa03338b8ed653ebab516854fc,0.2,"{""entropy_coef"":0.01,""lr"":3e-05,""opponent_mode"":""rulebase"",""rule_kl_coef"":0.01}",rulebase/rule_kl=0.01/entropy=0.01/lr=3e-05,reports/keqingrl_discard_research_20260425_candidates_checkpoint_rerun/configs/rerun_000_source_93/config.json,22,1.0,0.001,0.0,0.01,0,0.003,3,rulebase,0,19,tempered_current_logits,0,0.30006592923944647,0.005,0.25,keqingrl_rule_score_scale_v1,8,93,0.5227272727272727,4,0
0.5875039407435585,1.25,reports/keqingrl_discard_research_20260425_candidates_checkpoint_rerun/configs/rerun_000_source_93/policy_final.pt,689ed3bc4eacbde87049309fe6a37182cffa1baa03338b8ed653ebab516854fc,0.2,"{""entropy_coef"":0.01,""lr"":3e-05,""opponent_mode"":""rulebase"",""rule_kl_coef"":0.01}",rulebase/rule_kl=0.01/entropy=0.01/lr=3e-05,reports/keqingrl_discard_research_20260425_candidates_checkpoint_rerun/configs/rerun_000_source_93/config.json,17,1.0,0.001,0.0,0.01,0,0.003,2,rulebase,0,15,tempered_current_logits,0,0.3409339768045089,0.005,0.25,keqingrl_rule_score_scale_v1,9,93,0.5294117647058824,4,0
0.02791670627064175,1.25,reports/keqingrl_discard_research_20260425_candidates_checkpoint_rerun/configs/rerun_000_source_93/policy_final.pt,689ed3bc4eacbde87049309fe6a37182cffa1baa03338b8ed653ebab516854fc,0.2,"{""entropy_coef"":0.01,""lr"":3e-05,""opponent_mode"":""rulebase"",""rule_kl_coef"":0.01}",rulebase/rule_kl=0.01/entropy=0.01/lr=3e-05,reports/keqingrl_discard_research_20260425_candidates_checkpoint_rerun/configs/rerun_000_source_93/config.json,18,1.0,0.001,0.0,0.01,0,0.003,6,rulebase,0,12,tempered_current_logits,0,-0.18755654328399235,0.005,0.25,keqingrl_rule_score_scale_v1,10,93,-0.05555555555555555,4,0
0.3838493714207097,1.25,reports/keqingrl_discard_research_20260425_candidates_checkpoint_rerun/configs/rerun_000_source_93/policy_final.pt,689ed3bc4eacbde87049309fe6a37182cffa1baa03338b8ed653ebab516854fc,0.2,"{""entropy_coef"":0.01,""lr"":3e-05,""opponent_mode"":""rulebase"",""rule_kl_coef"":0.01}",rulebase/rule_kl=0.01/entropy=0.01/lr=3e-05,reports/keqingrl_discard_research_20260425_candidates_checkpoint_rerun/configs/rerun_000_source_93/config.json,19,1.0,0.001,0.0,0.01,0,0.003,3,rulebase,0,16,tempered_current_logits,0,0.150378848377027,0.005,0.25,keqingrl_rule_score_scale_v1,11,93,0.39473684210526316,4,0
0.37741337882147896,1.25,reports/keqingrl_discard_research_20260425_candidates_checkpoint_rerun/configs/rerun_000_source_93/policy_final.pt,689ed3bc4eacbde87049309fe6a37182cffa1baa03338b8ed653ebab516854fc,0.2,"{""entropy_coef"":0.01,""lr"":3e-05,""opponent_mode"":""rulebase"",""rule_kl_coef"":0.01}",rulebase/rule_kl=0.01/entropy=0.01/lr=3e-05,reports/keqingrl_discard_research_20260425_candidates_checkpoint_rerun/configs/rerun_000_source_93/config.json,9,1.0,0.001,0.0,0.01,0,0.003,2,rulebase,0,7,tempered_current_logits,0,0.10420830051104228,0.005,0.25,keqingrl_rule_score_scale_v1,12,93,0.4444444444444444,4,0
0.5009331901868185,1.25,reports/keqingrl_discard_research_20260425_candidates_checkpoint_rerun/configs/rerun_000_source_93/policy_final.pt,689ed3bc4eacbde87049309fe6a37182cffa1baa03338b8ed653ebab516854fc,0.2,"{""entropy_coef"":0.01,""lr"":3e-05,""opponent_mode"":""rulebase"",""rule_kl_coef"":0.01}",rulebase/rule_kl=0.01/entropy=0.01/lr=3e-05,reports/keqingrl_discard_research_20260425_candidates_checkpoint_rerun/configs/rerun_000_source_93/config.json,3,1.0,0.001,0.0,0.01,0,0.003,0,rulebase,0,3,tempered_current_logits,0,0.33166055878003436,0.005,0.25,keqingrl_rule_score_scale_v1,13,93,0.8333333333333334,4,0
0.34685699827969074,1.25,reports/keqingrl_discard_research_20260425_candidates_checkpoint_rerun/configs/rerun_000_source_93/policy_final.pt,689ed3bc4eacbde87049309fe6a37182cffa1baa03338b8ed653ebab516854fc,0.2,"{""entropy_coef"":0.01,""lr"":3e-05,""opponent_mode"":""rulebase"",""rule_kl_coef"":0.01}",rulebase/rule_kl=0.01/entropy=0.01/lr=3e-05,reports/keqingrl_discard_research_20260425_candidates_checkpoint_rerun/configs/rerun_000_source_93/config.json,32,1.0,0.001,0.0,0.01,1,0.003,10,rulebase,0,22,tempered_current_logits,0,-0.07793112006038427,0.005,0.25,keqingrl_rule_score_scale_v1,1,93,0.109375,4,0
0.2722376014875329,1.25,reports/keqingrl_discard_research_20260425_candidates_checkpoint_rerun/configs/rerun_000_source_93/policy_final.pt,689ed3bc4eacbde87049309fe6a37182cffa1baa03338b8ed653ebab516854fc,0.2,"{""entropy_coef"":0.01,""lr"":3e-05,""opponent_mode"":""rulebase"",""rule_kl_coef"":0.01}",rulebase/rule_kl=0.01/entropy=0.01/lr=3e-05,reports/keqingrl_discard_research_20260425_candidates_checkpoint_rerun/configs/rerun_000_source_93/config.json,23,1.0,0.001,0.0,0.01,1,0.003,7,rulebase,0,16,tempered_current_logits,0,-0.09029742233131242,0.005,0.25,keqingrl_rule_score_scale_v1,2,93,0.15217391304347827,4,0
0.254778690636158,1.25,reports/keqingrl_discard_research_20260425_candidates_checkpoint_rerun/configs/rerun_000_source_93/policy_final.pt,689ed3bc4eacbde87049309fe6a37182cffa1baa03338b8ed653ebab516854fc,0.2,"{""entropy_coef"":0.01,""lr"":3e-05,""opponent_mode"":""rulebase"",""rule_kl_coef"":0.01}",rulebase/rule_kl=0.01/entropy=0.01/lr=3e-05,reports/keqingrl_discard_research_20260425_candidates_checkpoint_rerun/configs/rerun_000_source_93/config.json,20,1.0,0.001,0.0,0.01,1,0.003,7,rulebase,0,13,tempered_current_logits,0,-0.1460742674767971,0.005,0.25,keqingrl_rule_score_scale_v1,3,93,0.125,4,0
0.050662919878959656,1.25,reports/keqingrl_discard_research_20260425_candidates_checkpoint_rerun/configs/rerun_000_source_93/policy_final.pt,689ed3bc4eacbde87049309fe6a37182cffa1baa03338b8ed653ebab516854fc,0.2,"{""entropy_coef"":0.01,""lr"":3e-05,""opponent_mode"":""rulebase"",""rule_kl_coef"":0.01}",rulebase/rule_kl=0.01/entropy=0.01/lr=3e-05,reports/keqingrl_discard_research_20260425_candidates_checkpoint_rerun/configs/rerun_000_source_93/config.json,20,1.0,0.001,0.0,0.01,1,0.003,9,rulebase,0,11,tempered_current_logits,0,-0.35828192010521887,0.005,0.25,keqingrl_rule_score_scale_v1,4,93,-0.225,4,0
0.15391659477482672,1.25,reports/keqingrl_discard_research_20260425_candidates_checkpoint_rerun/configs/rerun_000_source_93/policy_final.pt,689ed3bc4eacbde87049309fe6a37182cffa1baa03338b8ed653ebab516854fc,0.2,"{""entropy_coef"":0.01,""lr"":3e-05,""opponent_mode"":""rulebase"",""rule_kl_coef"":0.01}",rulebase/rule_kl=0.01/entropy=0.01/lr=3e-05,reports/keqingrl_discard_research_20260425_candidates_checkpoint_rerun/configs/rerun_000_source_93/config.json,23,1.0,0.001,0.0,0.01,1,0.003,10,rulebase,0,13,tempered_current_logits,0,-0.2692176259082297,0.005,0.25,keqingrl_rule_score_scale_v1,5,93,-0.10869565217391304,4,0
-0.08023415754238765,1.25,reports/keqingrl_discard_research_20260425_candidates_checkpoint_rerun/configs/rerun_000_source_93/policy_final.pt,689ed3bc4eacbde87049309fe6a37182cffa1baa03338b8ed653ebab516854fc,0.2,"{""entropy_coef"":0.01,""lr"":3e-05,""opponent_mode"":""rulebase"",""rule_kl_coef"":0.01}",rulebase/rule_kl=0.01/entropy=0.01/lr=3e-05,reports/keqingrl_discard_research_20260425_candidates_checkpoint_rerun/configs/rerun_000_source_93/config.json,12,1.0,0.001,0.0,0.01,1,0.003,6,rulebase,0,6,tempered_current_logits,0,-0.44907768815755844,0.005,0.25,keqingrl_rule_score_scale_v1,6,93,-0.4583333333333333,4,0
0.28324021212756634,1.25,reports/keqingrl_discard_research_20260425_candidates_checkpoint_rerun/configs/rerun_000_source_93/policy_final.pt,689ed3bc4eacbde87049309fe6a37182cffa1baa03338b8ed653ebab516854fc,0.2,"{""entropy_coef"":0.01,""lr"":3e-05,""opponent_mode"":""rulebase"",""rule_kl_coef"":0.01}",rulebase/rule_kl=0.01/entropy=0.01/lr=3e-05,reports/keqingrl_discard_research_20260425_candidates_checkpoint_rerun/configs/rerun_000_source_93/config.json,16,1.0,0.001,0.0,0.01,1,0.003,6,rulebase,0,10,tempered_current_logits,0,-0.1682038987055421,0.005,0.25,keqingrl_rule_score_scale_v1,7,93,0.03125,4,0
0.1398116871714592,1.25,reports/keqingrl_discard_research_20260425_candidates_checkpoint_rerun/configs/rerun_000_source_93/policy_final.pt,689ed3bc4eacbde87049309fe6a37182cffa1baa03338b8ed653ebab516854fc,0.2,"{""entropy_coef"":0.01,""lr"":3e-05,""opponent_mode"":""rulebase"",""rule_kl_coef"":0.01}",rulebase/rule_kl=0.01/entropy=0.01/lr=3e-05,reports/keqingrl_discard_research_20260425_candidates_checkpoint_rerun/configs/rerun_000_source_93/config.json,16,1.0,0.001,0.0,0.01,1,0.003,7,rulebase,0,9,tempered_current_logits,0,-0.24474700167775154,0.005,0.25,keqingrl_rule_score_scale_v1,8,93,-0.1875,4,0
0.17482715182834202,1.25,reports/keqingrl_discard_research_20260425_candidates_checkpoint_rerun/configs/rerun_000_source_93/policy_final.pt,689ed3bc4eacbde87049309fe6a37182cffa1baa03338b8ed653ebab516854fc,0.2,"{""entropy_coef"":0.01,""lr"":3e-05,""opponent_mode"":""rulebase"",""rule_kl_coef"":0.01}",rulebase/rule_kl=0.01/entropy=0.01/lr=3e-05,reports/keqingrl_discard_research_20260425_candidates_checkpoint_rerun/configs/rerun_000_source_93/config.json,18,1.0,0.001,0.0,0.01,1,0.003,7,rulebase,0,11,tempered_current_logits,0,-0.18353219330310822,0.005,0.25,keqingrl_rule_score_scale_v1,9,93,-0.05555555555555555,4,0
0.07335860133171082,1.25,reports/keqingrl_discard_research_20260425_candidates_checkpoint_rerun/configs/rerun_000_source_93/policy_final.pt,689ed3bc4eacbde87049309fe6a37182cffa1baa03338b8ed653ebab516854fc,0.2,"{""entropy_coef"":0.01,""lr"":3e-05,""opponent_mode"":""rulebase"",""rule_kl_coef"":0.01}",rulebase/rule_kl=0.01/entropy=0.01/lr=3e-05,reports/keqingrl_discard_research_20260425_candidates_checkpoint_rerun/configs/rerun_000_source_93/config.json,10,1.0,0.001,0.0,0.01,1,0.003,4,rulebase,0,6,tempered_current_logits,0,-0.3048348069190979,0.005,0.25,keqingrl_rule_score_scale_v1,10,93,-0.2,4,0
-0.3256995938718319,1.25,reports/keqingrl_discard_research_20260425_candidates_checkpoint_rerun/configs/rerun_000_source_93/policy_final.pt,689ed3bc4eacbde87049309fe6a37182cffa1baa03338b8ed653ebab516854fc,0.2,"{""entropy_coef"":0.01,""lr"":3e-05,""opponent_mode"":""rulebase"",""rule_kl_coef"":0.01}",rulebase/rule_kl=0.01/entropy=0.01/lr=3e-05,reports/keqingrl_discard_research_20260425_candidates_checkpoint_rerun/configs/rerun_000_source_93/config.json,8,1.0,0.001,0.0,0.01,1,0.003,5,rulebase,0,3,tempered_current_logits,0,-0.6720349919050932,0.005,0.25,keqingrl_rule_score_scale_v1,11,93,-0.6875,4,0
0.28205226361751556,1.25,reports/keqingrl_discard_research_20260425_candidates_checkpoint_rerun/configs/rerun_000_source_93/policy_final.pt,689ed3bc4eacbde87049309fe6a37182cffa1baa03338b8ed653ebab516854fc,0.2,"{""entropy_coef"":0.01,""lr"":3e-05,""opponent_mode"":""rulebase"",""rule_kl_coef"":0.01}",rulebase/rule_kl=0.01/entropy=0.01/lr=3e-05,reports/keqingrl_discard_research_20260425_candidates_checkpoint_rerun/configs/rerun_000_source_93/config.json,7,1.0,0.001,0.0,0.01,1,0.003,2,rulebase,0,5,tempered_current_logits,0,-0.04979759348290307,0.005,0.25,keqingrl_rule_score_scale_v1,12,93,0.07142857142857142,4,0
0.19585368633270264,1.25,reports/keqingrl_discard_research_20260425_candidates_checkpoint_rerun/configs/rerun_000_source_93/policy_final.pt,689ed3bc4eacbde87049309fe6a37182cffa1baa03338b8ed653ebab516854fc,0.2,"{""entropy_coef"":0.01,""lr"":3e-05,""opponent_mode"":""rulebase"",""rule_kl_coef"":0.01}",rulebase/rule_kl=0.01/entropy=0.01/lr=3e-05,reports/keqingrl_discard_research_20260425_candidates_checkpoint_rerun/configs/rerun_000_source_93/config.json,5,1.0,0.001,0.0,0.01,1,0.003,2,rulebase,0,3,tempered_current_logits,0,-0.19221209287643432,0.005,0.25,keqingrl_rule_score_scale_v1,13,93,-0.1,4,0
0.554945384295514,1.25,reports/keqingrl_discard_research_20260425_candidates_checkpoint_rerun/configs/rerun_000_source_93/policy_final.pt,689ed3bc4eacbde87049309fe6a37182cffa1baa03338b8ed653ebab516854fc,0.2,"{""entropy_coef"":0.01,""lr"":3e-05,""opponent_mode"":""rulebase"",""rule_kl_coef"":0.01}",rulebase/rule_kl=0.01/entropy=0.01/lr=3e-05,reports/keqingrl_discard_research_20260425_candidates_checkpoint_rerun/configs/rerun_000_source_93/config.json,52,1.0,0.001,0.0,0.01,2,0.003,17,rulebase,0,35,tempered_current_logits,0,-0.2635578444370857,0.005,0.25,keqingrl_rule_score_scale_v1,1,93,0.1346153846153846,4,0
0.6349914554092619,1.25,reports/keqingrl_discard_research_20260425_candidates_checkpoint_rerun/configs/rerun_000_source_93/policy_final.pt,689ed3bc4eacbde87049309fe6a37182cffa1baa03338b8ed653ebab516854fc,0.2,"{""entropy_coef"":0.01,""lr"":3e-05,""opponent_mode"":""rulebase"",""rule_kl_coef"":0.01}",rulebase/rule_kl=0.01/entropy=0.01/lr=3e-05,reports/keqingrl_discard_research_20260425_candidates_checkpoint_rerun/configs/rerun_000_source_93/config.json,18,1.0,0.001,0.0,0.01,2,0.003,6,rulebase,0,12,tempered_current_logits,0,-0.20295386678642696,0.005,0.25,keqingrl_rule_score_scale_v1,2,93,0.1111111111111111,4,0
0.5940589134891828,1.25,reports/keqingrl_discard_research_20260425_candidates_checkpoint_rerun/configs/rerun_000_source_93/policy_final.pt,689ed3bc4eacbde87049309fe6a37182cffa1baa03338b8ed653ebab516854fc,0.2,"{""entropy_coef"":0.01,""lr"":3e-05,""opponent_mode"":""rulebase"",""rule_kl_coef"":0.01}",rulebase/rule_kl=0.01/entropy=0.01/lr=3e-05,reports/keqingrl_discard_research_20260425_candidates_checkpoint_rerun/configs/rerun_000_source_93/config.json,12,1.0,0.001,0.0,0.01,2,0.003,3,rulebase,0,9,tempered_current_logits,0,-0.22352267801761627,0.005,0.25,keqingrl_rule_score_scale_v1,3,93,0.20833333333333334,4,0
0.5564603937996758,1.25,reports/keqingrl_discard_research_20260425_candidates_checkpoint_rerun/configs/rerun_000_source_93/policy_final.pt,689ed3bc4eacbde87049309fe6a37182cffa1baa03338b8ed653ebab516854fc,0.2,"{""entropy_coef"":0.01,""lr"":3e-05,""opponent_mode"":""rulebase"",""rule_kl_coef"":0.01}",rulebase/rule_kl=0.01/entropy=0.01/lr=3e-05,reports/keqingrl_discard_research_20260425_candidates_checkpoint_rerun/configs/rerun_000_source_93/config.json,18,1.0,0.001,0.0,0.01,2,0.003,6,rulebase,0,12,tempered_current_logits,0,-0.29271335403124493,0.005,0.25,keqingrl_rule_score_scale_v1,4,93,0.1111111111111111,4,0
1.0119559019804,1.25,reports/keqingrl_discard_research_20260425_candidates_checkpoint_rerun/configs/rerun_000_source_93/policy_final.pt,689ed3bc4eacbde87049309fe6a37182cffa1baa03338b8ed653ebab516854fc,0.2,"{""entropy_coef"":0.01,""lr"":3e-05,""opponent_mode"":""rulebase"",""rule_kl_coef"":0.01}",rulebase/rule_kl=0.01/entropy=0.01/lr=3e-05,reports/keqingrl_discard_research_20260425_candidates_checkpoint_rerun/configs/rerun_000_source_93/config.json,20,1.0,0.001,0.0,0.01,2,0.003,4,rulebase,0,16,tempered_current_logits,0,0.0579623743891716,0.005,0.25,keqingrl_rule_score_scale_v1,5,93,0.45,4,0
0.5741911828517914,1.25,reports/keqingrl_discard_research_20260425_candidates_checkpoint_rerun/configs/rerun_000_source_93/policy_final.pt,689ed3bc4eacbde87049309fe6a37182cffa1baa03338b8ed653ebab516854fc,0.2,"{""entropy_coef"":0.01,""lr"":3e-05,""opponent_mode"":""rulebase"",""rule_kl_coef"":0.01}",rulebase/rule_kl=0.01/entropy=0.01/lr=3e-05,reports/keqingrl_discard_research_20260425_candidates_checkpoint_rerun/configs/rerun_000_source_93/config.json,17,1.0,0.001,0.0,0.01,2,0.003,8,rulebase,0,9,tempered_current_logits,0,-0.37176867092356963,0.005,0.25,keqingrl_rule_score_scale_v1,6,93,-0.20588235294117646,4,0
0.8166865209738413,1.25,reports/keqingrl_discard_research_20260425_candidates_checkpoint_rerun/configs/rerun_000_source_93/policy_final.pt,689ed3bc4eacbde87049309fe6a37182cffa1baa03338b8ed653ebab516854fc,0.2,"{""entropy_coef"":0.01,""lr"":3e-05,""opponent_mode"":""rulebase"",""rule_kl_coef"":0.01}",rulebase/rule_kl=0.01/entropy=0.01/lr=3e-05,reports/keqingrl_discard_research_20260425_candidates_checkpoint_rerun/configs/rerun_000_source_93/config.json,18,1.0,0.001,0.0,0.01,2,0.003,5,rulebase,0,13,tempered_current_logits,0,-0.13175822297732034,0.005,0.25,keqingrl_rule_score_scale_v1,7,93,0.2777777777777778,4,0
0.23275486379861832,1.25,reports/keqingrl_discard_research_20260425_candidates_checkpoint_rerun/configs/rerun_000_source_93/policy_final.pt,689ed3bc4eacbde87049309fe6a37182cffa1baa03338b8ed653ebab516854fc,0.2,"{""entropy_coef"":0.01,""lr"":3e-05,""opponent_mode"":""rulebase"",""rule_kl_coef"":0.01}",rulebase/rule_kl=0.01/entropy=0.01/lr=3e-05,reports/keqingrl_discard_research_20260425_candidates_checkpoint_rerun/configs/rerun_000_source_93/config.json,18,1.0,0.001,0.0,0.01,2,0.003,8,rulebase,0,10,tempered_current_logits,0,-0.49151112884283066,0.005,0.25,keqingrl_rule_score_scale_v1,8,93,-0.1388888888888889,4,0
0.35765524705251056,1.25,reports/keqingrl_discard_research_20260425_candidates_checkpoint_rerun/configs/rerun_000_source_93/policy_final.pt,689ed3bc4eacbde87049309fe6a37182cffa1baa03338b8ed653ebab516854fc,0.2,"{""entropy_coef"":0.01,""lr"":3e-05,""opponent_mode"":""rulebase"",""rule_kl_coef"":0.01}",rulebase/rule_kl=0.01/entropy=0.01/lr=3e-05,reports/keqingrl_discard_research_20260425_candidates_checkpoint_rerun/configs/rerun_000_source_93/config.json,21,1.0,0.001,0.0,0.01,2,0.003,11,rulebase,0,10,tempered_current_logits,0,-0.5370271844523293,0.005,0.25,keqingrl_rule_score_scale_v1,9,93,-0.35714285714285715,4,0
0.7627268201775022,1.25,reports/keqingrl_discard_research_20260425_candidates_checkpoint_rerun/configs/rerun_000_source_93/policy_final.pt,689ed3bc4eacbde87049309fe6a37182cffa1baa03338b8ed653ebab516854fc,0.2,"{""entropy_coef"":0.01,""lr"":3e-05,""opponent_mode"":""rulebase"",""rule_kl_coef"":0.01}",rulebase/rule_kl=0.01/entropy=0.01/lr=3e-05,reports/keqingrl_discard_research_20260425_candidates_checkpoint_rerun/configs/rerun_000_source_93/config.json,18,1.0,0.001,0.0,0.01,2,0.003,4,rulebase,0,14,tempered_current_logits,0,-0.13034463756614262,0.005,0.25,keqingrl_rule_score_scale_v1,10,93,0.3611111111111111,4,0
0.4158659114649421,1.25,reports/keqingrl_discard_research_20260425_candidates_checkpoint_rerun/configs/rerun_000_source_93/policy_final.pt,689ed3bc4eacbde87049309fe6a37182cffa1baa03338b8ed653ebab516854fc,0.2,"{""entropy_coef"":0.01,""lr"":3e-05,""opponent_mode"":""rulebase"",""rule_kl_coef"":0.01}",rulebase/rule_kl=0.01/entropy=0.01/lr=3e-05,reports/keqingrl_discard_research_20260425_candidates_checkpoint_rerun/configs/rerun_000_source_93/config.json,19,1.0,0.001,0.0,0.01,2,0.003,8,rulebase,0,11,tempered_current_logits,0,-0.3644134825781772,0.005,0.25,keqingrl_rule_score_scale_v1,11,93,-0.13157894736842105,4,0
-0.09990163977173241,1.25,reports/keqingrl_discard_research_20260425_candidates_checkpoint_rerun/configs/rerun_000_source_93/policy_final.pt,689ed3bc4eacbde87049309fe6a37182cffa1baa03338b8ed653ebab516854fc,0.2,"{""entropy_coef"":0.01,""lr"":3e-05,""opponent_mode"":""rulebase"",""rule_kl_coef"":0.01}",rulebase/rule_kl=0.01/entropy=0.01/lr=3e-05,reports/keqingrl_discard_research_20260425_candidates_checkpoint_rerun/configs/rerun_000_source_93/config.json,11,1.0,0.001,0.0,0.01,2,0.003,7,rulebase,0,4,tempered_current_logits,0,-0.7436061352491379,0.005,0.25,keqingrl_rule_score_scale_v1,12,93,-0.45454545454545453,4,0
1.3972209890683491,1.25,reports/keqingrl_discard_research_20260425_candidates_checkpoint_rerun/configs/rerun_000_source_93/policy_final.pt,689ed3bc4eacbde87049309fe6a37182cffa1baa03338b8ed653ebab516854fc,0.2,"{""entropy_coef"":0.01,""lr"":3e-05,""opponent_mode"":""rulebase"",""rule_kl_coef"":0.01}",rulebase/rule_kl=0.01/entropy=0.01/lr=3e-05,reports/keqingrl_discard_research_20260425_candidates_checkpoint_rerun/configs/rerun_000_source_93/config.json,3,1.0,0.001,0.0,0.01,2,0.003,0,rulebase,0,3,tempered_current_logits,0,0.47600676616032916,0.005,0.25,keqingrl_rule_score_scale_v1,13,93,0.8333333333333334,4,0
-0.08502657245844603,1.25,reports/keqingrl_discard_research_20260425_candidates_checkpoint_rerun/configs/rerun_000_source_93/policy_final.pt,689ed3bc4eacbde87049309fe6a37182cffa1baa03338b8ed653ebab516854fc,0.2,"{""entropy_coef"":0.01,""lr"":3e-05,""opponent_mode"":""rulebase"",""rule_kl_coef"":0.01}",rulebase/rule_kl=0.01/entropy=0.01/lr=3e-05,reports/keqingrl_discard_research_20260425_candidates_checkpoint_rerun/configs/rerun_000_source_93/config.json,32,1.0,0.001,0.0,0.01,0,0.003,15,rulebase,1,17,tempered_current_logits,0,-0.34009345923550427,0.01,0.25,keqingrl_rule_score_scale_v1,1,93,-0.28125,4,0
0.6102947662858402,1.25,reports/keqingrl_discard_research_20260425_candidates_checkpoint_rerun/configs/rerun_000_source_93/policy_final.pt,689ed3bc4eacbde87049309fe6a37182cffa1baa03338b8ed653ebab516854fc,0.2,"{""entropy_coef"":0.01,""lr"":3e-05,""opponent_mode"":""rulebase"",""rule_kl_coef"":0.01}",rulebase/rule_kl=0.01/entropy=0.01/lr=3e-05,reports/keqingrl_discard_research_20260425_candidates_checkpoint_rerun/configs/rerun_000_source_93/config.json,17,1.0,0.001,0.0,0.01,0,0.003,2,rulebase,1,15,tempered_current_logits,0,0.3428485288339503,0.01,0.25,keqingrl_rule_score_scale_v1,2,93,0.5588235294117647,4,0
-0.12518351587156454,1.25,reports/keqingrl_discard_research_20260425_candidates_checkpoint_rerun/configs/rerun_000_source_93/policy_final.pt,689ed3bc4eacbde87049309fe6a37182cffa1baa03338b8ed653ebab516854fc,0.2,"{""entropy_coef"":0.01,""lr"":3e-05,""opponent_mode"":""rulebase"",""rule_kl_coef"":0.01}",rulebase/rule_kl=0.01/entropy=0.01/lr=3e-05,reports/keqingrl_discard_research_20260425_candidates_checkpoint_rerun/configs/rerun_000_source_93/config.json,24,1.0,0.001,0.0,0.01,0,0.003,12,rulebase,1,12,tempered_current_logits,0,-0.399636189142863,0.01,0.25,keqingrl_rule_score_scale_v1,3,93,-0.3541666666666667,4,0
-0.4077521239717801,1.25,reports/keqingrl_discard_research_20260425_candidates_checkpoint_rerun/configs/rerun_000_source_93/policy_final.pt,689ed3bc4eacbde87049309fe6a37182cffa1baa03338b8ed653ebab516854fc,0.2,"{""entropy_coef"":0.01,""lr"":3e-05,""opponent_mode"":""rulebase"",""rule_kl_coef"":0.01}",rulebase/rule_kl=0.01/entropy=0.01/lr=3e-05,reports/keqingrl_discard_research_20260425_candidates_checkpoint_rerun/configs/rerun_000_source_93/config.json,12,1.0,0.001,0.0,0.01,0,0.003,8,rulebase,1,4,tempered_current_logits,0,-0.6920879632234573,0.01,0.25,keqingrl_rule_score_scale_v1,4,93,-0.7916666666666666,4,0
-0.3040055725723505,1.25,reports/keqingrl_discard_research_20260425_candidates_checkpoint_rerun/configs/rerun_000_source_93/policy_final.pt,689ed3bc4eacbde87049309fe6a37182cffa1baa03338b8ed653ebab516854fc,0.2,"{""entropy_coef"":0.01,""lr"":3e-05,""opponent_mode"":""rulebase"",""rule_kl_coef"":0.01}",rulebase/rule_kl=0.01/entropy=0.01/lr=3e-05,reports/keqingrl_discard_research_20260425_candidates_checkpoint_rerun/configs/rerun_000_source_93/config.json,16,1.0,0.001,0.0,0.01,0,0.003,9,rulebase,1,7,tempered_current_logits,0,-0.5774031970649958,0.01,0.25,keqingrl_rule_score_scale_v1,5,93,-0.53125,4,0
-0.15305704593658448,1.25,reports/keqingrl_discard_research_20260425_candidates_checkpoint_rerun/configs/rerun_000_source_93/policy_final.pt,689ed3bc4eacbde87049309fe6a37182cffa1baa03338b8ed653ebab516854fc,0.2,"{""entropy_coef"":0.01,""lr"":3e-05,""opponent_mode"":""rulebase"",""rule_kl_coef"":0.01}",rulebase/rule_kl=0.01/entropy=0.01/lr=3e-05,reports/keqingrl_discard_research_20260425_candidates_checkpoint_rerun/configs/rerun_000_source_93/config.json,25,1.0,0.001,0.0,0.01,0,0.003,13,rulebase,1,12,tempered_current_logits,0,-0.4316249769926071,0.01,0.25,keqingrl_rule_score_scale_v1,6,93,-0.42,4,0
0.04505487669397284,1.25,reports/keqingrl_discard_research_20260425_candidates_checkpoint_rerun/configs/rerun_000_source_93/policy_final.pt,689ed3bc4eacbde87049309fe6a37182cffa1baa03338b8ed653ebab516854fc,0.2,"{""entropy_coef"":0.01,""lr"":3e-05,""opponent_mode"":""rulebase"",""rule_kl_coef"":0.01}",rulebase/rule_kl=0.01/entropy=0.01/lr=3e-05,reports/keqingrl_discard_research_20260425_candidates_checkpoint_rerun/configs/rerun_000_source_93/config.json,27,1.0,0.001,0.0,0.01,0,0.003,10,rulebase,1,17,tempered_current_logits,0,-0.19619903244354106,0.01,0.25,keqingrl_rule_score_scale_v1,7,93,-0.037037037037037035,4,0
-0.07967757955193519,1.25,reports/keqingrl_discard_research_20260425_candidates_checkpoint_rerun/configs/rerun_000_source_93/policy_final.pt,689ed3bc4eacbde87049309fe6a37182cffa1baa03338b8ed653ebab516854fc,0.2,"{""entropy_coef"":0.01,""lr"":3e-05,""opponent_mode"":""rulebase"",""rule_kl_coef"":0.01}",rulebase/rule_kl=0.01/entropy=0.01/lr=3e-05,reports/keqingrl_discard_research_20260425_candidates_checkpoint_rerun/configs/rerun_000_source_93/config.json,20,1.0,0.001,0.0,0.01,0,0.003,10,rulebase,1,10,tempered_current_logits,0,-0.3426288925111294,0.01,0.25,keqingrl_rule_score_scale_v1,8,93,-0.375,4,0
-0.18183825612068177,1.25,reports/keqingrl_discard_research_20260425_candidates_checkpoint_rerun/configs/rerun_000_source_93/policy_final.pt,689ed3bc4eacbde87049309fe6a37182cffa1baa03338b8ed653ebab516854fc,0.2,"{""entropy_coef"":0.01,""lr"":3e-05,""opponent_mode"":""rulebase"",""rule_kl_coef"":0.01}",rulebase/rule_kl=0.01/entropy=0.01/lr=3e-05,reports/keqingrl_discard_research_20260425_candidates_checkpoint_rerun/configs/rerun_000_source_93/config.json,20,1.0,0.001,0.0,0.01,0,0.003,12,rulebase,1,8,tempered_current_logits,0,-0.4711811602115631,0.01,0.25,keqingrl_rule_score_scale_v1,9,93,-0.525,4,0
0.014992782846093178,1.25,reports/keqingrl_discard_research_20260425_candidates_checkpoint_rerun/configs/rerun_000_source_93/policy_final.pt,689ed3bc4eacbde87049309fe6a37182cffa1baa03338b8ed653ebab516854fc,0.2,"{""entropy_coef"":0.01,""lr"":3e-05,""opponent_mode"":""rulebase"",""rule_kl_coef"":0.01}",rulebase/rule_kl=0.01/entropy=0.01/lr=3e-05,reports/keqingrl_discard_research_20260425_candidates_checkpoint_rerun/configs/rerun_000_source_93/config.json,16,1.0,0.001,0.0,0.01,0,0.003,7,rulebase,1,9,tempered_current_logits,0,-0.18545717373490334,0.01,0.25,keqingrl_rule_score_scale_v1,10,93,-0.21875,4,0
0.07315817246070275,1.25,reports/keqingrl_discard_research_20260425_candidates_checkpoint_rerun/configs/rerun_000_source_93/policy_final.pt,689ed3bc4eacbde87049309fe6a37182cffa1baa03338b8ed653ebab516854fc,0.2,"{""entropy_coef"":0.01,""lr"":3e-05,""opponent_mode"":""rulebase"",""rule_kl_coef"":0.01}",rulebase/rule_kl=0.01/entropy=0.01/lr=3e-05,reports/keqingrl_discard_research_20260425_candidates_checkpoint_rerun/configs/rerun_000_source_93/config.json,13,1.0,0.001,0.0,0.01,0,0.003,6,rulebase,1,7,tempered_current_logits,0,-0.1999642298771785,0.01,0.25,keqingrl_rule_score_scale_v1,11,93,-0.2692307692307692,4,0
-0.02457789263942025,1.25,reports/keqingrl_discard_research_20260425_candidates_checkpoint_rerun/configs/rerun_000_source_93/policy_final.pt,689ed3bc4eacbde87049309fe6a37182cffa1baa03338b8ed653ebab516854fc,0.2,"{""entropy_coef"":0.01,""lr"":3e-05,""opponent_mode"":""rulebase"",""rule_kl_coef"":0.01}",rulebase/rule_kl=0.01/entropy=0.01/lr=3e-05,reports/keqingrl_discard_research_20260425_candidates_checkpoint_rerun/configs/rerun_000_source_93/config.json,11,1.0,0.001,0.0,0.01,0,0.003,5,rulebase,1,6,tempered_current_logits,0,-0.2876100242137909,0.01,0.25,keqingrl_rule_score_scale_v1,12,93,-0.3181818181818182,4,0
0.21248801052570343,1.25,reports/keqingrl_discard_research_20260425_candidates_checkpoint_rerun/configs/rerun_000_source_93/policy_final.pt,689ed3bc4eacbde87049309fe6a37182cffa1baa03338b8ed653ebab516854fc,0.2,"{""entropy_coef"":0.01,""lr"":3e-05,""opponent_mode"":""rulebase"",""rule_kl_coef"":0.01}",rulebase/rule_kl=0.01/entropy=0.01/lr=3e-05,reports/keqingrl_discard_research_20260425_candidates_checkpoint_rerun/configs/rerun_000_source_93/config.json,6,1.0,0.001,0.0,0.01,0,0.003,2,rulebase,1,4,tempered_current_logits,0,-0.06340545415878296,0.01,0.25,keqingrl_rule_score_scale_v1,13,93,-0.08333333333333333,4,0
-0.9309887290000916,1.25,reports/keqingrl_discard_research_20260425_candidates_checkpoint_rerun/configs/rerun_000_source_93/policy_final.pt,689ed3bc4eacbde87049309fe6a37182cffa1baa03338b8ed653ebab516854fc,0.2,"{""entropy_coef"":0.01,""lr"":3e-05,""opponent_mode"":""rulebase"",""rule_kl_coef"":0.01}",rulebase/rule_kl=0.01/entropy=0.01/lr=3e-05,reports/keqingrl_discard_research_20260425_candidates_checkpoint_rerun/configs/rerun_000_source_93/config.json,1,1.0,0.001,0.0,0.01,0,0.003,1,rulebase,1,0,tempered_current_logits,0,-1.2260671854019165,0.01,0.25,keqingrl_rule_score_scale_v1,14,93,-1.5,4,0
0.6710668357554823,1.25,reports/keqingrl_discard_research_20260425_candidates_checkpoint_rerun/configs/rerun_000_source_93/policy_final.pt,689ed3bc4eacbde87049309fe6a37182cffa1baa03338b8ed653ebab516854fc,0.2,"{""entropy_coef"":0.01,""lr"":3e-05,""opponent_mode"":""rulebase"",""rule_kl_coef"":0.01}",rulebase/rule_kl=0.01/entropy=0.01/lr=3e-05,reports/keqingrl_discard_research_20260425_candidates_checkpoint_rerun/configs/rerun_000_source_93/config.json,32,1.0,0.001,0.0,0.01,1,0.003,12,rulebase,1,20,tempered_current_logits,0,-0.40913938358426094,0.01,0.25,keqingrl_rule_score_scale_v1,1,93,-0.0625,4,0
0.7530543792404627,1.25,reports/keqingrl_discard_research_20260425_candidates_checkpoint_rerun/configs/rerun_000_source_93/policy_final.pt,689ed3bc4eacbde87049309fe6a37182cffa1baa03338b8ed653ebab516854fc,0.2,"{""entropy_coef"":0.01,""lr"":3e-05,""opponent_mode"":""rulebase"",""rule_kl_coef"":0.01}",rulebase/rule_kl=0.01/entropy=0.01/lr=3e-05,reports/keqingrl_discard_research_20260425_candidates_checkpoint_rerun/configs/rerun_000_source_93/config.json,19,1.0,0.001,0.0,0.01,1,0.003,4,rulebase,1,15,tempered_current_logits,0,-0.3077348423631568,0.01,0.25,keqingrl_rule_score_scale_v1,2,93,0.13157894736842105,4,0
0.7101904526352882,1.25,reports/keqingrl_discard_research_20260425_candidates_checkpoint_rerun/configs/rerun_000_source_93/policy_final.pt,689ed3bc4eacbde87049309fe6a37182cffa1baa03338b8ed653ebab516854fc,0.2,"{""entropy_coef"":0.01,""lr"":3e-05,""opponent_mode"":""rulebase"",""rule_kl_coef"":0.01}",rulebase/rule_kl=0.01/entropy=0.01/lr=3e-05,reports/keqingrl_discard_research_20260425_candidates_checkpoint_rerun/configs/rerun_000_source_93/config.json,13,1.0,0.001,0.0,0.01,1,0.003,2,rulebase,1,11,tempered_current_logits,0,-0.3721265517748319,0.01,0.25,keqingrl_rule_score_scale_v1,3,93,0.07692307692307693,4,0
0.8251283849988665,1.25,reports/keqingrl_discard_research_20260425_candidates_checkpoint_rerun/configs/rerun_000_source_93/policy_final.pt,689ed3bc4eacbde87049309fe6a37182cffa1baa03338b8ed653ebab516854fc,0.2,"{""entropy_coef"":0.01,""lr"":3e-05,""opponent_mode"":""rulebase"",""rule_kl_coef"":0.01}",rulebase/rule_kl=0.01/entropy=0.01/lr=3e-05,reports/keqingrl_discard_research_20260425_candidates_checkpoint_rerun/configs/rerun_000_source_93/config.json,7,1.0,0.001,0.0,0.01,1,0.003,1,rulebase,1,6,tempered_current_logits,0,-0.18068035585539682,0.01,0.25,keqingrl_rule_score_scale_v1,4,93,0.5,4,0
0.7841514220291917,1.25,reports/keqingrl_discard_research_20260425_candidates_checkpoint_rerun/configs/rerun_000_source_93/policy_final.pt,689ed3bc4eacbde87049309fe6a37182cffa1baa03338b8ed653ebab516854fc,0.2,"{""entropy_coef"":0.01,""lr"":3e-05,""opponent_mode"":""rulebase"",""rule_kl_coef"":0.01}",rulebase/rule_kl=0.01/entropy=0.01/lr=3e-05,reports/keqingrl_discard_research_20260425_candidates_checkpoint_rerun/configs/rerun_000_source_93/config.json,22,1.0,0.001,0.0,0.01,1,0.003,9,rulebase,1,13,tempered_current_logits,0,-0.34647244215011597,0.01,0.25,keqingrl_rule_score_scale_v1,5,93,-0.13636363636363635,4,0
0.8377733473830363,1.25,reports/keqingrl_discard_research_20260425_candidates_checkpoint_rerun/configs/rerun_000_source_93/policy_final.pt,689ed3bc4eacbde87049309fe6a37182cffa1baa03338b8ed653ebab516854fc,0.2,"{""entropy_coef"":0.01,""lr"":3e-05,""opponent_mode"":""rulebase"",""rule_kl_coef"":0.01}",rulebase/rule_kl=0.01/entropy=0.01/lr=3e-05,reports/keqingrl_discard_research_20260425_candidates_checkpoint_rerun/configs/rerun_000_source_93/config.json,17,1.0,0.001,0.0,0.01,1,0.003,3,rulebase,1,14,tempered_current_logits,0,-0.22380422143375173,0.01,0.25,keqingrl_rule_score_scale_v1,6,93,0.3235294117647059,4,0
0.4644048503703541,1.25,reports/keqingrl_discard_research_20260425_candidates_checkpoint_rerun/configs/rerun_000_source_93/policy_final.pt,689ed3bc4eacbde87049309fe6a37182cffa1baa03338b8ed653ebab516854fc,0.2,"{""entropy_coef"":0.01,""lr"":3e-05,""opponent_mode"":""rulebase"",""rule_kl_coef"":0.01}",rulebase/rule_kl=0.01/entropy=0.01/lr=3e-05,reports/keqingrl_discard_research_20260425_candidates_checkpoint_rerun/configs/rerun_000_source_93/config.json,18,1.0,0.001,0.0,0.01,1,0.003,9,rulebase,1,9,tempered_current_logits,0,-0.5771864776810011,0.01,0.25,keqingrl_rule_score_scale_v1,7,93,-0.2777777777777778,4,0
0.45649475008249285,1.25,reports/keqingrl_discard_research_20260425_candidates_checkpoint_rerun/configs/rerun_000_source_93/policy_final.pt,689ed3bc4eacbde87049309fe6a37182cffa1baa03338b8ed653ebab516854fc,0.2,"{""entropy_coef"":0.01,""lr"":3e-05,""opponent_mode"":""rulebase"",""rule_kl_coef"":0.01}",rulebase/rule_kl=0.01/entropy=0.01/lr=3e-05,reports/keqingrl_discard_research_20260425_candidates_checkpoint_rerun/configs/rerun_000_source_93/config.json,20,1.0,0.001,0.0,0.01,1,0.003,8,rulebase,1,12,tempered_current_logits,0,-0.5337328776717186,0.01,0.25,keqingrl_rule_score_scale_v1,8,93,-0.1,4,0
0.45135888595271995,1.25,reports/keqingrl_discard_research_20260425_candidates_checkpoint_rerun/configs/rerun_000_source_93/policy_final.pt,689ed3bc4eacbde87049309fe6a37182cffa1baa03338b8ed653ebab516854fc,0.2,"{""entropy_coef"":0.01,""lr"":3e-05,""opponent_mode"":""rulebase"",""rule_kl_coef"":0.01}",rulebase/rule_kl=0.01/entropy=0.01/lr=3e-05,reports/keqingrl_discard_research_20260425_candidates_checkpoint_rerun/configs/rerun_000_source_93/config.json,27,1.0,0.001,0.0,0.01,1,0.003,13,rulebase,1,14,tempered_current_logits,0,-0.5719524147333922,0.01,0.25,keqingrl_rule_score_scale_v1,9,93,-0.2962962962962963,4,0
0.37576357863451304,1.25,reports/keqingrl_discard_research_20260425_candidates_checkpoint_rerun/configs/rerun_000_source_93/policy_final.pt,689ed3bc4eacbde87049309fe6a37182cffa1baa03338b8ed653ebab516854fc,0.2,"{""entropy_coef"":0.01,""lr"":3e-05,""opponent_mode"":""rulebase"",""rule_kl_coef"":0.01}",rulebase/rule_kl=0.01/entropy=0.01/lr=3e-05,reports/keqingrl_discard_research_20260425_candidates_checkpoint_rerun/configs/rerun_000_source_93/config.json,19,1.0,0.001,0.0,0.01,1,0.003,10,rulebase,1,9,tempered_current_logits,0,-0.6637363088758368,0.01,0.25,keqingrl_rule_score_scale_v1,10,93,-0.47368421052631576,4,0
0.3557244929174582,1.25,reports/keqingrl_discard_research_20260425_candidates_checkpoint_rerun/configs/rerun_000_source_93/policy_final.pt,689ed3bc4eacbde87049309fe6a37182cffa1baa03338b8ed653ebab516854fc,0.2,"{""entropy_coef"":0.01,""lr"":3e-05,""opponent_mode"":""rulebase"",""rule_kl_coef"":0.01}",rulebase/rule_kl=0.01/entropy=0.01/lr=3e-05,reports/keqingrl_discard_research_20260425_candidates_checkpoint_rerun/configs/rerun_000_source_93/config.json,15,1.0,0.001,0.0,0.01,1,0.003,7,rulebase,1,8,tempered_current_logits,0,-0.5924076775709788,0.01,0.25,keqingrl_rule_score_scale_v1,11,93,-0.36666666666666664,4,0
0.008359646890312433,1.25,reports/keqingrl_discard_research_20260425_candidates_checkpoint_rerun/configs/rerun_000_source_93/policy_final.pt,689ed3bc4eacbde87049309fe6a37182cffa1baa03338b8ed653ebab516854fc,0.2,"{""entropy_coef"":0.01,""lr"":3e-05,""opponent_mode"":""rulebase"",""rule_kl_coef"":0.01}",rulebase/rule_kl=0.01/entropy=0.01/lr=3e-05,reports/keqingrl_discard_research_20260425_candidates_checkpoint_rerun/configs/rerun_000_source_93/config.json,8,1.0,0.001,0.0,0.01,1,0.003,5,rulebase,1,3,tempered_current_logits,0,-0.8641752190887928,0.01,0.25,keqingrl_rule_score_scale_v1,12,93,-0.6875,4,0
-0.273749977350235,1.25,reports/keqingrl_discard_research_20260425_candidates_checkpoint_rerun/configs/rerun_000_source_93/policy_final.pt,689ed3bc4eacbde87049309fe6a37182cffa1baa03338b8ed653ebab516854fc,0.2,"{""entropy_coef"":0.01,""lr"":3e-05,""opponent_mode"":""rulebase"",""rule_kl_coef"":0.01}",rulebase/rule_kl=0.01/entropy=0.01/lr=3e-05,reports/keqingrl_discard_research_20260425_candidates_checkpoint_rerun/configs/rerun_000_source_93/config.json,4,1.0,0.001,0.0,0.01,1,0.003,3,rulebase,1,1,tempered_current_logits,0,-1.0080297738313675,0.01,0.25,keqingrl_rule_score_scale_v1,13,93,-1.0,4,0
0.6650889466982335,1.25,reports/keqingrl_discard_research_20260425_candidates_checkpoint_rerun/configs/rerun_000_source_93/policy_final.pt,689ed3bc4eacbde87049309fe6a37182cffa1baa03338b8ed653ebab516854fc,0.2,"{""entropy_coef"":0.01,""lr"":3e-05,""opponent_mode"":""rulebase"",""rule_kl_coef"":0.01}",rulebase/rule_kl=0.01/entropy=0.01/lr=3e-05,reports/keqingrl_discard_research_20260425_candidates_checkpoint_rerun/configs/rerun_000_source_93/config.json,39,1.0,0.001,0.0,0.01,2,0.003,14,rulebase,1,25,tempered_current_logits,0,-0.5296101214794012,0.01,0.25,keqingrl_rule_score_scale_v1,1,93,-0.11538461538461539,4,0
0.7244540927931666,1.25,reports/keqingrl_discard_research_20260425_candidates_checkpoint_rerun/configs/rerun_000_source_93/policy_final.pt,689ed3bc4eacbde87049309fe6a37182cffa1baa03338b8ed653ebab516854fc,0.2,"{""entropy_coef"":0.01,""lr"":3e-05,""opponent_mode"":""rulebase"",""rule_kl_coef"":0.01}",rulebase/rule_kl=0.01/entropy=0.01/lr=3e-05,reports/keqingrl_discard_research_20260425_candidates_checkpoint_rerun/configs/rerun_000_source_93/config.json,16,1.0,0.001,0.0,0.01,2,0.003,4,rulebase,1,12,tempered_current_logits,0,-0.47775384970009327,0.01,0.25,keqingrl_rule_score_scale_v1,2,93,-0.0625,4,0
0.8258709895114104,1.25,reports/keqingrl_discard_research_20260425_candidates_checkpoint_rerun/configs/rerun_000_source_93/policy_final.pt,689ed3bc4eacbde87049309fe6a37182cffa1baa03338b8ed653ebab516854fc,0.2,"{""entropy_coef"":0.01,""lr"":3e-05,""opponent_mode"":""rulebase"",""rule_kl_coef"":0.01}",rulebase/rule_kl=0.01/entropy=0.01/lr=3e-05,reports/keqingrl_discard_research_20260425_candidates_checkpoint_rerun/configs/rerun_000_source_93/config.json,18,1.0,0.001,0.0,0.01,2,0.003,3,rulebase,1,15,tempered_current_logits,0,-0.2891712602641847,0.01,0.25,keqingrl_rule_score_scale_v1,3,93,0.2777777777777778,4,0
0.6507162388742846,1.25,reports/keqingrl_discard_research_20260425_candidates_checkpoint_rerun/configs/rerun_000_source_93/policy_final.pt,689ed3bc4eacbde87049309fe6a37182cffa1baa03338b8ed653ebab516854fc,0.2,"{""entropy_coef"":0.01,""lr"":3e-05,""opponent_mode"":""rulebase"",""rule_kl_coef"":0.01}",rulebase/rule_kl=0.01/entropy=0.01/lr=3e-05,reports/keqingrl_discard_research_20260425_candidates_checkpoint_rerun/configs/rerun_000_source_93/config.json,17,1.0,0.001,0.0,0.01,2,0.003,6,rulebase,1,11,tempered_current_logits,0,-0.6514613102464115,0.01,0.25,keqingrl_rule_score_scale_v1,4,93,-0.20588235294117646,4,0
0.9436352252960205,1.25,reports/keqingrl_discard_research_20260425_candidates_checkpoint_rerun/configs/rerun_000_source_93/policy_final.pt,689ed3bc4eacbde87049309fe6a37182cffa1baa03338b8ed653ebab516854fc,0.2,"{""entropy_coef"":0.01,""lr"":3e-05,""opponent_mode"":""rulebase"",""rule_kl_coef"":0.01}",rulebase/rule_kl=0.01/entropy=0.01/lr=3e-05,reports/keqingrl_discard_research_20260425_candidates_checkpoint_rerun/configs/rerun_000_source_93/config.json,24,1.0,0.001,0.0,0.01,2,0.003,6,rulebase,1,18,tempered_current_logits,0,-0.2664109629889329,0.01,0.25,keqingrl_rule_score_scale_v1,5,93,0.20833333333333334,4,0
0.6921193239589533,1.25,reports/keqingrl_discard_research_20260425_candidates_checkpoint_rerun/configs/rerun_000_source_93/policy_final.pt,689ed3bc4eacbde87049309fe6a37182cffa1baa03338b8ed653ebab516854fc,0.2,"{""entropy_coef"":0.01,""lr"":3e-05,""opponent_mode"":""rulebase"",""rule_kl_coef"":0.01}",rulebase/rule_kl=0.01/entropy=0.01/lr=3e-05,reports/keqingrl_discard_research_20260425_candidates_checkpoint_rerun/configs/rerun_000_source_93/config.json,18,1.0,0.001,0.0,0.01,2,0.003,4,rulebase,1,14,tempered_current_logits,0,-0.5667484369542863,0.01,0.25,keqingrl_rule_score_scale_v1,6,93,-0.1111111111111111,4,0
1.0254112316502466,1.25,reports/keqingrl_discard_research_20260425_candidates_checkpoint_rerun/configs/rerun_000_source_93/policy_final.pt,689ed3bc4eacbde87049309fe6a37182cffa1baa03338b8ed653ebab516854fc,0.2,"{""entropy_coef"":0.01,""lr"":3e-05,""opponent_mode"":""rulebase"",""rule_kl_coef"":0.01}",rulebase/rule_kl=0.01/entropy=0.01/lr=3e-05,reports/keqingrl_discard_research_20260425_candidates_checkpoint_rerun/configs/rerun_000_source_93/config.json,18,1.0,0.001,0.0,0.01,2,0.003,4,rulebase,1,14,tempered_current_logits,0,-0.26761479841338265,0.01,0.25,keqingrl_rule_score_scale_v1,7,93,0.19444444444444445,4,0
0.8859597537666559,1.25,reports/keqingrl_discard_research_20260425_candidates_checkpoint_rerun/configs/rerun_000_source_93/policy_final.pt,689ed3bc4eacbde87049309fe6a37182cffa1baa03338b8ed653ebab516854fc,0.2,"{""entropy_coef"":0.01,""lr"":3e-05,""opponent_mode"":""rulebase"",""rule_kl_coef"":0.01}",rulebase/rule_kl=0.01/entropy=0.01/lr=3e-05,reports/keqingrl_discard_research_20260425_candidates_checkpoint_rerun/configs/rerun_000_source_93/config.json,16,1.0,0.001,0.0,0.01,2,0.003,3,rulebase,1,13,tempered_current_logits,0,-0.24119271244853735,0.01,0.25,keqingrl_rule_score_scale_v1,8,93,0.3125,4,0
0.8402538883459308,1.25,reports/keqingrl_discard_research_20260425_candidates_checkpoint_rerun/configs/rerun_000_source_93/policy_final.pt,689ed3bc4eacbde87049309fe6a37182cffa1baa03338b8ed653ebab516854fc,0.2,"{""entropy_coef"":0.01,""lr"":3e-05,""opponent_mode"":""rulebase"",""rule_kl_coef"":0.01}",rulebase/rule_kl=0.01/entropy=0.01/lr=3e-05,reports/keqingrl_discard_research_20260425_candidates_checkpoint_rerun/configs/rerun_000_source_93/config.json,23,1.0,0.001,0.0,0.01,2,0.003,9,rulebase,1,14,tempered_current_logits,0,-0.42419047977613367,0.01,0.25,keqingrl_rule_score_scale_v1,9,93,-0.08695652173913043,4,0
0.6134025836363435,1.25,reports/keqingrl_discard_research_20260425_candidates_checkpoint_rerun/configs/rerun_000_source_93/policy_final.pt,689ed3bc4eacbde87049309fe6a37182cffa1baa03338b8ed653ebab516854fc,0.2,"{""entropy_coef"":0.01,""lr"":3e-05,""opponent_mode"":""rulebase"",""rule_kl_coef"":0.01}",rulebase/rule_kl=0.01/entropy=0.01/lr=3e-05,reports/keqingrl_discard_research_20260425_candidates_checkpoint_rerun/configs/rerun_000_source_93/config.json,16,1.0,0.001,0.0,0.01,2,0.003,6,rulebase,1,10,tempered_current_logits,0,-0.5862881429493427,0.01,0.25,keqingrl_rule_score_scale_v1,10,93,-0.25,4,0
0.8568592518568039,1.25,reports/keqingrl_discard_research_20260425_candidates_checkpoint_rerun/configs/rerun_000_source_93/policy_final.pt,689ed3bc4eacbde87049309fe6a37182cffa1baa03338b8ed653ebab516854fc,0.2,"{""entropy_coef"":0.01,""lr"":3e-05,""opponent_mode"":""rulebase"",""rule_kl_coef"":0.01}",rulebase/rule_kl=0.01/entropy=0.01/lr=3e-05,reports/keqingrl_discard_research_20260425_candidates_checkpoint_rerun/configs/rerun_000_source_93/config.json,10,1.0,0.001,0.0,0.01,2,0.003,2,rulebase,1,8,tempered_current_logits,0,-0.35584995448589324,0.01,0.25,keqingrl_rule_score_scale_v1,11,93,0.05,4,0
0.4108510911464691,1.25,reports/keqingrl_discard_research_20260425_candidates_checkpoint_rerun/configs/rerun_000_source_93/policy_final.pt,689ed3bc4eacbde87049309fe6a37182cffa1baa03338b8ed653ebab516854fc,0.2,"{""entropy_coef"":0.01,""lr"":3e-05,""opponent_mode"":""rulebase"",""rule_kl_coef"":0.01}",rulebase/rule_kl=0.01/entropy=0.01/lr=3e-05,reports/keqingrl_discard_research_20260425_candidates_checkpoint_rerun/configs/rerun_000_source_93/config.json,5,1.0,0.001,0.0,0.01,2,0.003,3,rulebase,1,2,tempered_current_logits,0,-0.5302823781967163,0.01,0.25,keqingrl_rule_score_scale_v1,12,93,0.0,4,0
1.3429041942581534,1.25,reports/keqingrl_discard_research_20260425_candidates_checkpoint_rerun/configs/rerun_000_source_93/policy_final.pt,689ed3bc4eacbde87049309fe6a37182cffa1baa03338b8ed653ebab516854fc,0.2,"{""entropy_coef"":0.01,""lr"":3e-05,""opponent_mode"":""rulebase"",""rule_kl_coef"":0.01}",rulebase/rule_kl=0.01/entropy=0.01/lr=3e-05,reports/keqingrl_discard_research_20260425_candidates_checkpoint_rerun/configs/rerun_000_source_93/config.json,8,1.0,0.001,0.0,0.01,2,0.003,2,rulebase,1,6,tempered_current_logits,0,-0.1761985793709755,0.01,0.25,keqingrl_rule_score_scale_v1,13,93,0.375,4,0
