actor_update_margin_threshold,actor_update_support_mode,actor_update_topk,advantage_mean,behavior_temperature,checkpoint_path,checkpoint_sha256,clip_eps,config_key,config_key_label,config_path,count,delta_clip,delta_clip_coef,delta_l2_coef,delta_support_margin_threshold,delta_support_mode,delta_support_topk,entropy_coef,iteration,low_rank_flip_penalty_coef,low_rank_flip_topk,lr,negative_advantage_count,opponent_mode,outside_support_delta_mode,pilot_config_id,positive_advantage_count,ratio_mode,rerun_config_id,return_mean,rule_kl_coef,rule_score_scale,rule_score_scale_version,selected_prior_rank,source_config_id,support_policy_mode,terminal_reward_mean,update_epochs,weak_margin_flip_penalty_coef,weak_margin_threshold,zero_advantage_count
0.75,all,3,0.4659963147393588,1.25,reports/keqingrl_discard_research_20260425_candidates_checkpoint_rerun/configs/rerun_000_source_93/policy_final.pt,689ed3bc4eacbde87049309fe6a37182cffa1baa03338b8ed653ebab516854fc,0.2,"{""entropy_coef"":0.01,""lr"":3e-05,""opponent_mode"":""rulebase"",""rule_kl_coef"":0.01}",rulebase/rule_kl=0.01/entropy=0.01/lr=3e-05,reports/keqingrl_discard_research_20260425_candidates_checkpoint_rerun/configs/rerun_000_source_93/config.json,29,0.0,0.0,0.0,0.75,all,3,0.01,0,0.0,3,0.003,5,rulebase,zero,0,24,tempered_current_logits,0,0.19867555180500293,0.001,0.25,keqingrl_rule_score_scale_v1,1,93,unrestricted,0.39655172413793105,8,0.0,0.75,0
0.75,all,3,0.290592036396265,1.25,reports/keqingrl_discard_research_20260425_candidates_checkpoint_rerun/configs/rerun_000_source_93/policy_final.pt,689ed3bc4eacbde87049309fe6a37182cffa1baa03338b8ed653ebab516854fc,0.2,"{""entropy_coef"":0.01,""lr"":3e-05,""opponent_mode"":""rulebase"",""rule_kl_coef"":0.01}",rulebase/rule_kl=0.01/entropy=0.01/lr=3e-05,reports/keqingrl_discard_research_20260425_candidates_checkpoint_rerun/configs/rerun_000_source_93/config.json,20,0.0,0.0,0.0,0.75,all,3,0.01,0,0.0,3,0.003,5,rulebase,zero,0,15,tempered_current_logits,0,0.00981685072183609,0.001,0.25,keqingrl_rule_score_scale_v1,2,93,unrestricted,0.175,8,0.0,0.75,0
0.75,all,3,0.05250209391117096,1.25,reports/keqingrl_discard_research_20260425_candidates_checkpoint_rerun/configs/rerun_000_source_93/policy_final.pt,689ed3bc4eacbde87049309fe6a37182cffa1baa03338b8ed653ebab516854fc,0.2,"{""entropy_coef"":0.01,""lr"":3e-05,""opponent_mode"":""rulebase"",""rule_kl_coef"":0.01}",rulebase/rule_kl=0.01/entropy=0.01/lr=3e-05,reports/keqingrl_discard_research_20260425_candidates_checkpoint_rerun/configs/rerun_000_source_93/config.json,25,0.0,0.0,0.0,0.75,all,3,0.01,0,0.0,3,0.003,9,rulebase,zero,0,16,tempered_current_logits,0,-0.1666571468114853,0.001,0.25,keqingrl_rule_score_scale_v1,3,93,unrestricted,-0.04,8,0.0,0.75,0
0.75,all,3,0.2745004178121172,1.25,reports/keqingrl_discard_research_20260425_candidates_checkpoint_rerun/configs/rerun_000_source_93/policy_final.pt,689ed3bc4eacbde87049309fe6a37182cffa1baa03338b8ed653ebab516854fc,0.2,"{""entropy_coef"":0.01,""lr"":3e-05,""opponent_mode"":""rulebase"",""rule_kl_coef"":0.01}",rulebase/rule_kl=0.01/entropy=0.01/lr=3e-05,reports/keqingrl_discard_research_20260425_candidates_checkpoint_rerun/configs/rerun_000_source_93/config.json,29,0.0,0.0,0.0,0.75,all,3,0.01,0,0.0,3,0.003,6,rulebase,zero,0,23,tempered_current_logits,0,0.0472762011762323,0.001,0.25,keqingrl_rule_score_scale_v1,4,93,unrestricted,0.27586206896551724,8,0.0,0.75,0
0.75,all,3,0.2764654092490673,1.25,reports/keqingrl_discard_research_20260425_candidates_checkpoint_rerun/configs/rerun_000_source_93/policy_final.pt,689ed3bc4eacbde87049309fe6a37182cffa1baa03338b8ed653ebab516854fc,0.2,"{""entropy_coef"":0.01,""lr"":3e-05,""opponent_mode"":""rulebase"",""rule_kl_coef"":0.01}",rulebase/rule_kl=0.01/entropy=0.01/lr=3e-05,reports/keqingrl_discard_research_20260425_candidates_checkpoint_rerun/configs/rerun_000_source_93/config.json,20,0.0,0.0,0.0,0.75,all,3,0.01,0,0.0,3,0.003,5,rulebase,zero,0,15,tempered_current_logits,0,0.03751316219568253,0.001,0.25,keqingrl_rule_score_scale_v1,5,93,unrestricted,0.15,8,0.0,0.75,0
0.75,all,3,0.6496091359540036,1.25,reports/keqingrl_discard_research_20260425_candidates_checkpoint_rerun/configs/rerun_000_source_93/policy_final.pt,689ed3bc4eacbde87049309fe6a37182cffa1baa03338b8ed653ebab516854fc,0.2,"{""entropy_coef"":0.01,""lr"":3e-05,""opponent_mode"":""rulebase"",""rule_kl_coef"":0.01}",rulebase/rule_kl=0.01/entropy=0.01/lr=3e-05,reports/keqingrl_discard_research_20260425_candidates_checkpoint_rerun/configs/rerun_000_source_93/config.json,19,0.0,0.0,0.0,0.75,all,3,0.01,0,0.0,3,0.003,1,rulebase,zero,0,18,tempered_current_logits,0,0.375575989484787,0.001,0.25,keqingrl_rule_score_scale_v1,6,93,unrestricted,0.7368421052631579,8,0.0,0.75,0
0.75,all,3,0.33437579057433386,1.25,reports/keqingrl_discard_research_20260425_candidates_checkpoint_rerun/configs/rerun_000_source_93/policy_final.pt,689ed3bc4eacbde87049309fe6a37182cffa1baa03338b8ed653ebab516854fc,0.2,"{""entropy_coef"":0.01,""lr"":3e-05,""opponent_mode"":""rulebase"",""rule_kl_coef"":0.01}",rulebase/rule_kl=0.01/entropy=0.01/lr=3e-05,reports/keqingrl_discard_research_20260425_candidates_checkpoint_rerun/configs/rerun_000_source_93/config.json,11,0.0,0.0,0.0,0.75,all,3,0.01,0,0.0,3,0.003,2,rulebase,zero,0,9,tempered_current_logits,0,0.11130878193811937,0.001,0.25,keqingrl_rule_score_scale_v1,7,93,unrestricted,0.4090909090909091,8,0.0,0.75,0
0.75,all,3,0.5031733591305582,1.25,reports/keqingrl_discard_research_20260425_candidates_checkpoint_rerun/configs/rerun_000_source_93/policy_final.pt,689ed3bc4eacbde87049309fe6a37182cffa1baa03338b8ed653ebab516854fc,0.2,"{""entropy_coef"":0.01,""lr"":3e-05,""opponent_mode"":""rulebase"",""rule_kl_coef"":0.01}",rulebase/rule_kl=0.01/entropy=0.01/lr=3e-05,reports/keqingrl_discard_research_20260425_candidates_checkpoint_rerun/configs/rerun_000_source_93/config.json,19,0.0,0.0,0.0,0.75,all,3,0.01,0,0.0,3,0.003,3,rulebase,zero,0,16,tempered_current_logits,0,0.26093750407821253,0.001,0.25,keqingrl_rule_score_scale_v1,8,93,unrestricted,0.4473684210526316,8,0.0,0.75,0
0.75,all,3,0.6840946372184489,1.25,reports/keqingrl_discard_research_20260425_candidates_checkpoint_rerun/configs/rerun_000_source_93/policy_final.pt,689ed3bc4eacbde87049309fe6a37182cffa1baa03338b8ed653ebab516854fc,0.2,"{""entropy_coef"":0.01,""lr"":3e-05,""opponent_mode"":""rulebase"",""rule_kl_coef"":0.01}",rulebase/rule_kl=0.01/entropy=0.01/lr=3e-05,reports/keqingrl_discard_research_20260425_candidates_checkpoint_rerun/configs/rerun_000_source_93/config.json,18,0.0,0.0,0.0,0.75,all,3,0.01,0,0.0,3,0.003,0,rulebase,zero,0,18,tempered_current_logits,0,0.42251649623115856,0.001,0.25,keqingrl_rule_score_scale_v1,9,93,unrestricted,0.7777777777777778,8,0.0,0.75,0
0.75,all,3,0.05437974135080973,1.25,reports/keqingrl_discard_research_20260425_candidates_checkpoint_rerun/configs/rerun_000_source_93/policy_final.pt,689ed3bc4eacbde87049309fe6a37182cffa1baa03338b8ed653ebab516854fc,0.2,"{""entropy_coef"":0.01,""lr"":3e-05,""opponent_mode"":""rulebase"",""rule_kl_coef"":0.01}",rulebase/rule_kl=0.01/entropy=0.01/lr=3e-05,reports/keqingrl_discard_research_20260425_candidates_checkpoint_rerun/configs/rerun_000_source_93/config.json,18,0.0,0.0,0.0,0.75,all,3,0.01,0,0.0,3,0.003,6,rulebase,zero,0,12,tempered_current_logits,0,-0.1749546950062116,0.001,0.25,keqingrl_rule_score_scale_v1,10,93,unrestricted,0.0,8,0.0,0.75,0
0.75,all,3,0.6065256277720134,1.25,reports/keqingrl_discard_research_20260425_candidates_checkpoint_rerun/configs/rerun_000_source_93/policy_final.pt,689ed3bc4eacbde87049309fe6a37182cffa1baa03338b8ed653ebab516854fc,0.2,"{""entropy_coef"":0.01,""lr"":3e-05,""opponent_mode"":""rulebase"",""rule_kl_coef"":0.01}",rulebase/rule_kl=0.01/entropy=0.01/lr=3e-05,reports/keqingrl_discard_research_20260425_candidates_checkpoint_rerun/configs/rerun_000_source_93/config.json,15,0.0,0.0,0.0,0.75,all,3,0.01,0,0.0,3,0.003,0,rulebase,zero,0,15,tempered_current_logits,0,0.36890466312567394,0.001,0.25,keqingrl_rule_score_scale_v1,11,93,unrestricted,0.6333333333333333,8,0.0,0.75,0
0.75,all,3,0.24392017722129822,1.25,reports/keqingrl_discard_research_20260425_candidates_checkpoint_rerun/configs/rerun_000_source_93/policy_final.pt,689ed3bc4eacbde87049309fe6a37182cffa1baa03338b8ed653ebab516854fc,0.2,"{""entropy_coef"":0.01,""lr"":3e-05,""opponent_mode"":""rulebase"",""rule_kl_coef"":0.01}",rulebase/rule_kl=0.01/entropy=0.01/lr=3e-05,reports/keqingrl_discard_research_20260425_candidates_checkpoint_rerun/configs/rerun_000_source_93/config.json,15,0.0,0.0,0.0,0.75,all,3,0.01,0,0.0,3,0.003,4,rulebase,zero,0,11,tempered_current_logits,0,-0.03697131375471751,0.001,0.25,keqingrl_rule_score_scale_v1,12,93,unrestricted,0.26666666666666666,8,0.0,0.75,0
0.75,all,3,0.8864266450206438,1.25,reports/keqingrl_discard_research_20260425_candidates_checkpoint_rerun/configs/rerun_000_source_93/policy_final.pt,689ed3bc4eacbde87049309fe6a37182cffa1baa03338b8ed653ebab516854fc,0.2,"{""entropy_coef"":0.01,""lr"":3e-05,""opponent_mode"":""rulebase"",""rule_kl_coef"":0.01}",rulebase/rule_kl=0.01/entropy=0.01/lr=3e-05,reports/keqingrl_discard_research_20260425_candidates_checkpoint_rerun/configs/rerun_000_source_93/config.json,3,0.0,0.0,0.0,0.75,all,3,0.01,0,0.0,3,0.003,0,rulebase,zero,0,3,tempered_current_logits,0,0.6064812367161115,0.001,0.25,keqingrl_rule_score_scale_v1,13,93,unrestricted,0.8333333333333334,8,0.0,0.75,0
0.75,all,3,1.088186502456665,1.25,reports/keqingrl_discard_research_20260425_candidates_checkpoint_rerun/configs/rerun_000_source_93/policy_final.pt,689ed3bc4eacbde87049309fe6a37182cffa1baa03338b8ed653ebab516854fc,0.2,"{""entropy_coef"":0.01,""lr"":3e-05,""opponent_mode"":""rulebase"",""rule_kl_coef"":0.01}",rulebase/rule_kl=0.01/entropy=0.01/lr=3e-05,reports/keqingrl_discard_research_20260425_candidates_checkpoint_rerun/configs/rerun_000_source_93/config.json,1,0.0,0.0,0.0,0.75,all,3,0.01,0,0.0,3,0.003,0,rulebase,zero,0,1,tempered_current_logits,0,0.6696212887763977,0.001,0.25,keqingrl_rule_score_scale_v1,14,93,unrestricted,1.0,8,0.0,0.75,0
0.75,all,3,0.31505139065640314,1.25,reports/keqingrl_discard_research_20260425_candidates_checkpoint_rerun/configs/rerun_000_source_93/policy_final.pt,689ed3bc4eacbde87049309fe6a37182cffa1baa03338b8ed653ebab516854fc,0.2,"{""entropy_coef"":0.01,""lr"":3e-05,""opponent_mode"":""rulebase"",""rule_kl_coef"":0.01}",rulebase/rule_kl=0.01/entropy=0.01/lr=3e-05,reports/keqingrl_discard_research_20260425_candidates_checkpoint_rerun/configs/rerun_000_source_93/config.json,28,0.0,0.0,0.0,0.75,all,3,0.01,1,0.0,3,0.003,12,rulebase,zero,0,16,tempered_current_logits,0,-0.4089611257825579,0.001,0.25,keqingrl_rule_score_scale_v1,1,93,unrestricted,-0.10714285714285714,8,0.0,0.75,0
0.75,all,3,0.47119984527428943,1.25,reports/keqingrl_discard_research_20260425_candidates_checkpoint_rerun/configs/rerun_000_source_93/policy_final.pt,689ed3bc4eacbde87049309fe6a37182cffa1baa03338b8ed653ebab516854fc,0.2,"{""entropy_coef"":0.01,""lr"":3e-05,""opponent_mode"":""rulebase"",""rule_kl_coef"":0.01}",rulebase/rule_kl=0.01/entropy=0.01/lr=3e-05,reports/keqingrl_discard_research_20260425_candidates_checkpoint_rerun/configs/rerun_000_source_93/config.json,24,0.0,0.0,0.0,0.75,all,3,0.01,1,0.0,3,0.003,11,rulebase,zero,0,13,tempered_current_logits,0,-0.3485836386680603,0.001,0.25,keqingrl_rule_score_scale_v1,2,93,unrestricted,-0.20833333333333334,8,0.0,0.75,0
0.75,all,3,0.4324232089519501,1.25,reports/keqingrl_discard_research_20260425_candidates_checkpoint_rerun/configs/rerun_000_source_93/policy_final.pt,689ed3bc4eacbde87049309fe6a37182cffa1baa03338b8ed653ebab516854fc,0.2,"{""entropy_coef"":0.01,""lr"":3e-05,""opponent_mode"":""rulebase"",""rule_kl_coef"":0.01}",rulebase/rule_kl=0.01/entropy=0.01/lr=3e-05,reports/keqingrl_discard_research_20260425_candidates_checkpoint_rerun/configs/rerun_000_source_93/config.json,25,0.0,0.0,0.0,0.75,all,3,0.01,1,0.0,3,0.003,9,rulebase,zero,0,16,tempered_current_logits,0,-0.27605502903461454,0.001,0.25,keqingrl_rule_score_scale_v1,3,93,unrestricted,0.08,8,0.0,0.75,0
0.75,all,3,0.34823838190028544,1.25,reports/keqingrl_discard_research_20260425_candidates_checkpoint_rerun/configs/rerun_000_source_93/policy_final.pt,689ed3bc4eacbde87049309fe6a37182cffa1baa03338b8ed653ebab516854fc,0.2,"{""entropy_coef"":0.01,""lr"":3e-05,""opponent_mode"":""rulebase"",""rule_kl_coef"":0.01}",rulebase/rule_kl=0.01/entropy=0.01/lr=3e-05,reports/keqingrl_discard_research_20260425_candidates_checkpoint_rerun/configs/rerun_000_source_93/config.json,19,0.0,0.0,0.0,0.75,all,3,0.01,1,0.0,3,0.003,9,rulebase,zero,0,10,tempered_current_logits,0,-0.43647252846705287,0.001,0.25,keqingrl_rule_score_scale_v1,4,93,unrestricted,-0.18421052631578946,8,0.0,0.75,0
0.75,all,3,0.8901892953059253,1.25,reports/keqingrl_discard_research_20260425_candidates_checkpoint_rerun/configs/rerun_000_source_93/policy_final.pt,689ed3bc4eacbde87049309fe6a37182cffa1baa03338b8ed653ebab516854fc,0.2,"{""entropy_coef"":0.01,""lr"":3e-05,""opponent_mode"":""rulebase"",""rule_kl_coef"":0.01}",rulebase/rule_kl=0.01/entropy=0.01/lr=3e-05,reports/keqingrl_discard_research_20260425_candidates_checkpoint_rerun/configs/rerun_000_source_93/config.json,17,0.0,0.0,0.0,0.75,all,3,0.01,1,0.0,3,0.003,1,rulebase,zero,0,16,tempered_current_logits,0,0.16177249831311843,0.001,0.25,keqingrl_rule_score_scale_v1,5,93,unrestricted,0.7352941176470589,8,0.0,0.75,0
0.75,all,3,0.06059068441390991,1.25,reports/keqingrl_discard_research_20260425_candidates_checkpoint_rerun/configs/rerun_000_source_93/policy_final.pt,689ed3bc4eacbde87049309fe6a37182cffa1baa03338b8ed653ebab516854fc,0.2,"{""entropy_coef"":0.01,""lr"":3e-05,""opponent_mode"":""rulebase"",""rule_kl_coef"":0.01}",rulebase/rule_kl=0.01/entropy=0.01/lr=3e-05,reports/keqingrl_discard_research_20260425_candidates_checkpoint_rerun/configs/rerun_000_source_93/config.json,14,0.0,0.0,0.0,0.75,all,3,0.01,1,0.0,3,0.003,9,rulebase,zero,0,5,tempered_current_logits,0,-0.6972112059593201,0.001,0.25,keqingrl_rule_score_scale_v1,6,93,unrestricted,-0.6785714285714286,8,0.0,0.75,0
0.75,all,3,0.9813542403280735,1.25,reports/keqingrl_discard_research_20260425_candidates_checkpoint_rerun/configs/rerun_000_source_93/policy_final.pt,689ed3bc4eacbde87049309fe6a37182cffa1baa03338b8ed653ebab516854fc,0.2,"{""entropy_coef"":0.01,""lr"":3e-05,""opponent_mode"":""rulebase"",""rule_kl_coef"":0.01}",rulebase/rule_kl=0.01/entropy=0.01/lr=3e-05,reports/keqingrl_discard_research_20260425_candidates_checkpoint_rerun/configs/rerun_000_source_93/config.json,16,0.0,0.0,0.0,0.75,all,3,0.01,1,0.0,3,0.003,3,rulebase,zero,0,13,tempered_current_logits,0,0.1821235679090023,0.001,0.25,keqingrl_rule_score_scale_v1,7,93,unrestricted,0.46875,8,0.0,0.75,0
0.75,all,3,0.3112194687128067,1.25,reports/keqingrl_discard_research_20260425_candidates_checkpoint_rerun/configs/rerun_000_source_93/policy_final.pt,689ed3bc4eacbde87049309fe6a37182cffa1baa03338b8ed653ebab516854fc,0.2,"{""entropy_coef"":0.01,""lr"":3e-05,""opponent_mode"":""rulebase"",""rule_kl_coef"":0.01}",rulebase/rule_kl=0.01/entropy=0.01/lr=3e-05,reports/keqingrl_discard_research_20260425_candidates_checkpoint_rerun/configs/rerun_000_source_93/config.json,17,0.0,0.0,0.0,0.75,all,3,0.01,1,0.0,3,0.003,9,rulebase,zero,0,8,tempered_current_logits,0,-0.5370606850175297,0.001,0.25,keqingrl_rule_score_scale_v1,8,93,unrestricted,-0.35294117647058826,8,0.0,0.75,0
0.75,all,3,0.142780335744222,1.25,reports/keqingrl_discard_research_20260425_candidates_checkpoint_rerun/configs/rerun_000_source_93/policy_final.pt,689ed3bc4eacbde87049309fe6a37182cffa1baa03338b8ed653ebab516854fc,0.2,"{""entropy_coef"":0.01,""lr"":3e-05,""opponent_mode"":""rulebase"",""rule_kl_coef"":0.01}",rulebase/rule_kl=0.01/entropy=0.01/lr=3e-05,reports/keqingrl_discard_research_20260425_candidates_checkpoint_rerun/configs/rerun_000_source_93/config.json,15,0.0,0.0,0.0,0.75,all,3,0.01,1,0.0,3,0.003,7,rulebase,zero,0,8,tempered_current_logits,0,-0.5383235474427541,0.001,0.25,keqingrl_rule_score_scale_v1,9,93,unrestricted,-0.26666666666666666,8,0.0,0.75,0
0.75,all,3,0.550772198372417,1.25,reports/keqingrl_discard_research_20260425_candidates_checkpoint_rerun/configs/rerun_000_source_93/policy_final.pt,689ed3bc4eacbde87049309fe6a37182cffa1baa03338b8ed653ebab516854fc,0.2,"{""entropy_coef"":0.01,""lr"":3e-05,""opponent_mode"":""rulebase"",""rule_kl_coef"":0.01}",rulebase/rule_kl=0.01/entropy=0.01/lr=3e-05,reports/keqingrl_discard_research_20260425_candidates_checkpoint_rerun/configs/rerun_000_source_93/config.json,18,0.0,0.0,0.0,0.75,all,3,0.01,1,0.0,3,0.003,5,rulebase,zero,0,13,tempered_current_logits,0,-0.18488583796554142,0.001,0.25,keqingrl_rule_score_scale_v1,10,93,unrestricted,0.25,8,0.0,0.75,0
0.75,all,3,0.33230316499248147,1.25,reports/keqingrl_discard_research_20260425_candidates_checkpoint_rerun/configs/rerun_000_source_93/policy_final.pt,689ed3bc4eacbde87049309fe6a37182cffa1baa03338b8ed653ebab516854fc,0.2,"{""entropy_coef"":0.01,""lr"":3e-05,""opponent_mode"":""rulebase"",""rule_kl_coef"":0.01}",rulebase/rule_kl=0.01/entropy=0.01/lr=3e-05,reports/keqingrl_discard_research_20260425_candidates_checkpoint_rerun/configs/rerun_000_source_93/config.json,16,0.0,0.0,0.0,0.75,all,3,0.01,1,0.0,3,0.003,7,rulebase,zero,0,9,tempered_current_logits,0,-0.3057663468644023,0.001,0.25,keqingrl_rule_score_scale_v1,11,93,unrestricted,-0.15625,8,0.0,0.75,0
0.75,all,3,-0.26461788921733387,1.25,reports/keqingrl_discard_research_20260425_candidates_checkpoint_rerun/configs/rerun_000_source_93/policy_final.pt,689ed3bc4eacbde87049309fe6a37182cffa1baa03338b8ed653ebab516854fc,0.2,"{""entropy_coef"":0.01,""lr"":3e-05,""opponent_mode"":""rulebase"",""rule_kl_coef"":0.01}",rulebase/rule_kl=0.01/entropy=0.01/lr=3e-05,reports/keqingrl_discard_research_20260425_candidates_checkpoint_rerun/configs/rerun_000_source_93/config.json,8,0.0,0.0,0.0,0.75,all,3,0.01,1,0.0,3,0.003,7,rulebase,zero,0,1,tempered_current_logits,0,-0.876250084489584,0.001,0.25,keqingrl_rule_score_scale_v1,12,93,unrestricted,-0.875,8,0.0,0.75,0
0.75,all,3,-0.6141622041662534,1.25,reports/keqingrl_discard_research_20260425_candidates_checkpoint_rerun/configs/rerun_000_source_93/policy_final.pt,689ed3bc4eacbde87049309fe6a37182cffa1baa03338b8ed653ebab516854fc,0.2,"{""entropy_coef"":0.01,""lr"":3e-05,""opponent_mode"":""rulebase"",""rule_kl_coef"":0.01}",rulebase/rule_kl=0.01/entropy=0.01/lr=3e-05,reports/keqingrl_discard_research_20260425_candidates_checkpoint_rerun/configs/rerun_000_source_93/config.json,6,0.0,0.0,0.0,0.75,all,3,0.01,1,0.0,3,0.003,5,rulebase,zero,0,1,tempered_current_logits,0,-1.035847393174966,0.001,0.25,keqingrl_rule_score_scale_v1,13,93,unrestricted,-1.0833333333333333,8,0.0,0.75,0
0.75,all,3,-0.5890220999717712,1.25,reports/keqingrl_discard_research_20260425_candidates_checkpoint_rerun/configs/rerun_000_source_93/policy_final.pt,689ed3bc4eacbde87049309fe6a37182cffa1baa03338b8ed653ebab516854fc,0.2,"{""entropy_coef"":0.01,""lr"":3e-05,""opponent_mode"":""rulebase"",""rule_kl_coef"":0.01}",rulebase/rule_kl=0.01/entropy=0.01/lr=3e-05,reports/keqingrl_discard_research_20260425_candidates_checkpoint_rerun/configs/rerun_000_source_93/config.json,1,0.0,0.0,0.0,0.75,all,3,0.01,1,0.0,3,0.003,1,rulebase,zero,0,0,tempered_current_logits,0,-1.2875585556030273,0.001,0.25,keqingrl_rule_score_scale_v1,14,93,unrestricted,-1.5,8,0.0,0.75,0
0.75,all,3,0.2738180938487252,1.25,reports/keqingrl_discard_research_20260425_candidates_checkpoint_rerun/configs/rerun_000_source_93/policy_final.pt,689ed3bc4eacbde87049309fe6a37182cffa1baa03338b8ed653ebab516854fc,0.2,"{""entropy_coef"":0.01,""lr"":3e-05,""opponent_mode"":""rulebase"",""rule_kl_coef"":0.01}",rulebase/rule_kl=0.01/entropy=0.01/lr=3e-05,reports/keqingrl_discard_research_20260425_candidates_checkpoint_rerun/configs/rerun_000_source_93/config.json,30,0.0,0.0,0.0,0.75,all,3,0.01,2,0.0,3,0.003,6,rulebase,zero,0,24,tempered_current_logits,0,0.3119311049580574,0.001,0.25,keqingrl_rule_score_scale_v1,1,93,unrestricted,0.43333333333333335,8,0.0,0.75,0
0.75,all,3,0.3280712586234916,1.25,reports/keqingrl_discard_research_20260425_candidates_checkpoint_rerun/configs/rerun_000_source_93/policy_final.pt,689ed3bc4eacbde87049309fe6a37182cffa1baa03338b8ed653ebab516854fc,0.2,"{""entropy_coef"":0.01,""lr"":3e-05,""opponent_mode"":""rulebase"",""rule_kl_coef"":0.01}",rulebase/rule_kl=0.01/entropy=0.01/lr=3e-05,reports/keqingrl_discard_research_20260425_candidates_checkpoint_rerun/configs/rerun_000_source_93/config.json,22,0.0,0.0,0.0,0.75,all,3,0.01,2,0.0,3,0.003,2,rulebase,zero,0,20,tempered_current_logits,0,0.372352734208107,0.001,0.25,keqingrl_rule_score_scale_v1,2,93,unrestricted,0.5909090909090909,8,0.0,0.75,0
0.75,all,3,0.21705856086576686,1.25,reports/keqingrl_discard_research_20260425_candidates_checkpoint_rerun/configs/rerun_000_source_93/policy_final.pt,689ed3bc4eacbde87049309fe6a37182cffa1baa03338b8ed653ebab516854fc,0.2,"{""entropy_coef"":0.01,""lr"":3e-05,""opponent_mode"":""rulebase"",""rule_kl_coef"":0.01}",rulebase/rule_kl=0.01/entropy=0.01/lr=3e-05,reports/keqingrl_discard_research_20260425_candidates_checkpoint_rerun/configs/rerun_000_source_93/config.json,17,0.0,0.0,0.0,0.75,all,3,0.01,2,0.0,3,0.003,3,rulebase,zero,0,14,tempered_current_logits,0,0.27649737982188954,0.001,0.25,keqingrl_rule_score_scale_v1,3,93,unrestricted,0.4411764705882353,8,0.0,0.75,0
0.75,all,3,0.43814081450303394,1.25,reports/keqingrl_discard_research_20260425_candidates_checkpoint_rerun/configs/rerun_000_source_93/policy_final.pt,689ed3bc4eacbde87049309fe6a37182cffa1baa03338b8ed653ebab516854fc,0.2,"{""entropy_coef"":0.01,""lr"":3e-05,""opponent_mode"":""rulebase"",""rule_kl_coef"":0.01}",rulebase/rule_kl=0.01/entropy=0.01/lr=3e-05,reports/keqingrl_discard_research_20260425_candidates_checkpoint_rerun/configs/rerun_000_source_93/config.json,18,0.0,0.0,0.0,0.75,all,3,0.01,2,0.0,3,0.003,2,rulebase,zero,0,16,tempered_current_logits,0,0.4257500006092919,0.001,0.25,keqingrl_rule_score_scale_v1,4,93,unrestricted,0.6388888888888888,8,0.0,0.75,0
0.75,all,3,0.425207215704416,1.25,reports/keqingrl_discard_research_20260425_candidates_checkpoint_rerun/configs/rerun_000_source_93/policy_final.pt,689ed3bc4eacbde87049309fe6a37182cffa1baa03338b8ed653ebab516854fc,0.2,"{""entropy_coef"":0.01,""lr"":3e-05,""opponent_mode"":""rulebase"",""rule_kl_coef"":0.01}",rulebase/rule_kl=0.01/entropy=0.01/lr=3e-05,reports/keqingrl_discard_research_20260425_candidates_checkpoint_rerun/configs/rerun_000_source_93/config.json,19,0.0,0.0,0.0,0.75,all,3,0.01,2,0.0,3,0.003,2,rulebase,zero,0,17,tempered_current_logits,0,0.41508356364149795,0.001,0.25,keqingrl_rule_score_scale_v1,5,93,unrestricted,0.6842105263157895,8,0.0,0.75,0
0.75,all,3,0.12790843695402146,1.25,reports/keqingrl_discard_research_20260425_candidates_checkpoint_rerun/configs/rerun_000_source_93/policy_final.pt,689ed3bc4eacbde87049309fe6a37182cffa1baa03338b8ed653ebab516854fc,0.2,"{""entropy_coef"":0.01,""lr"":3e-05,""opponent_mode"":""rulebase"",""rule_kl_coef"":0.01}",rulebase/rule_kl=0.01/entropy=0.01/lr=3e-05,reports/keqingrl_discard_research_20260425_candidates_checkpoint_rerun/configs/rerun_000_source_93/config.json,20,0.0,0.0,0.0,0.75,all,3,0.01,2,0.0,3,0.003,5,rulebase,zero,0,15,tempered_current_logits,0,0.13811011165380477,0.001,0.25,keqingrl_rule_score_scale_v1,6,93,unrestricted,0.15,8,0.0,0.75,0
0.75,all,3,0.4145583740689538,1.25,reports/keqingrl_discard_research_20260425_candidates_checkpoint_rerun/configs/rerun_000_source_93/policy_final.pt,689ed3bc4eacbde87049309fe6a37182cffa1baa03338b8ed653ebab516854fc,0.2,"{""entropy_coef"":0.01,""lr"":3e-05,""opponent_mode"":""rulebase"",""rule_kl_coef"":0.01}",rulebase/rule_kl=0.01/entropy=0.01/lr=3e-05,reports/keqingrl_discard_research_20260425_candidates_checkpoint_rerun/configs/rerun_000_source_93/config.json,22,0.0,0.0,0.0,0.75,all,3,0.01,2,0.0,3,0.003,3,rulebase,zero,0,19,tempered_current_logits,0,0.3908000629056584,0.001,0.25,keqingrl_rule_score_scale_v1,7,93,unrestricted,0.4772727272727273,8,0.0,0.75,0
0.75,all,3,0.4804669560924653,1.25,reports/keqingrl_discard_research_20260425_candidates_checkpoint_rerun/configs/rerun_000_source_93/policy_final.pt,689ed3bc4eacbde87049309fe6a37182cffa1baa03338b8ed653ebab516854fc,0.2,"{""entropy_coef"":0.01,""lr"":3e-05,""opponent_mode"":""rulebase"",""rule_kl_coef"":0.01}",rulebase/rule_kl=0.01/entropy=0.01/lr=3e-05,reports/keqingrl_discard_research_20260425_candidates_checkpoint_rerun/configs/rerun_000_source_93/config.json,31,0.0,0.0,0.0,0.75,all,3,0.01,2,0.0,3,0.003,2,rulebase,zero,0,29,tempered_current_logits,0,0.5120676409813666,0.001,0.25,keqingrl_rule_score_scale_v1,8,93,unrestricted,0.6774193548387096,8,0.0,0.75,0
0.75,all,3,0.29002033648165787,1.25,reports/keqingrl_discard_research_20260425_candidates_checkpoint_rerun/configs/rerun_000_source_93/policy_final.pt,689ed3bc4eacbde87049309fe6a37182cffa1baa03338b8ed653ebab516854fc,0.2,"{""entropy_coef"":0.01,""lr"":3e-05,""opponent_mode"":""rulebase"",""rule_kl_coef"":0.01}",rulebase/rule_kl=0.01/entropy=0.01/lr=3e-05,reports/keqingrl_discard_research_20260425_candidates_checkpoint_rerun/configs/rerun_000_source_93/config.json,22,0.0,0.0,0.0,0.75,all,3,0.01,2,0.0,3,0.003,3,rulebase,zero,0,19,tempered_current_logits,0,0.3591387854381041,0.001,0.25,keqingrl_rule_score_scale_v1,9,93,unrestricted,0.5,8,0.0,0.75,0
0.75,all,3,0.3587355876670164,1.25,reports/keqingrl_discard_research_20260425_candidates_checkpoint_rerun/configs/rerun_000_source_93/policy_final.pt,689ed3bc4eacbde87049309fe6a37182cffa1baa03338b8ed653ebab516854fc,0.2,"{""entropy_coef"":0.01,""lr"":3e-05,""opponent_mode"":""rulebase"",""rule_kl_coef"":0.01}",rulebase/rule_kl=0.01/entropy=0.01/lr=3e-05,reports/keqingrl_discard_research_20260425_candidates_checkpoint_rerun/configs/rerun_000_source_93/config.json,17,0.0,0.0,0.0,0.75,all,3,0.01,2,0.0,3,0.003,2,rulebase,zero,0,15,tempered_current_logits,0,0.3656216596855837,0.001,0.25,keqingrl_rule_score_scale_v1,10,93,unrestricted,0.6176470588235294,8,0.0,0.75,0
0.75,all,3,0.493968489078375,1.25,reports/keqingrl_discard_research_20260425_candidates_checkpoint_rerun/configs/rerun_000_source_93/policy_final.pt,689ed3bc4eacbde87049309fe6a37182cffa1baa03338b8ed653ebab516854fc,0.2,"{""entropy_coef"":0.01,""lr"":3e-05,""opponent_mode"":""rulebase"",""rule_kl_coef"":0.01}",rulebase/rule_kl=0.01/entropy=0.01/lr=3e-05,reports/keqingrl_discard_research_20260425_candidates_checkpoint_rerun/configs/rerun_000_source_93/config.json,13,0.0,0.0,0.0,0.75,all,3,0.01,2,0.0,3,0.003,0,rulebase,zero,0,13,tempered_current_logits,0,0.5110482596434079,0.001,0.25,keqingrl_rule_score_scale_v1,11,93,unrestricted,0.7692307692307693,8,0.0,0.75,0
0.75,all,3,0.34444468400695105,1.25,reports/keqingrl_discard_research_20260425_candidates_checkpoint_rerun/configs/rerun_000_source_93/policy_final.pt,689ed3bc4eacbde87049309fe6a37182cffa1baa03338b8ed653ebab516854fc,0.2,"{""entropy_coef"":0.01,""lr"":3e-05,""opponent_mode"":""rulebase"",""rule_kl_coef"":0.01}",rulebase/rule_kl=0.01/entropy=0.01/lr=3e-05,reports/keqingrl_discard_research_20260425_candidates_checkpoint_rerun/configs/rerun_000_source_93/config.json,11,0.0,0.0,0.0,0.75,all,3,0.01,2,0.0,3,0.003,1,rulebase,zero,0,10,tempered_current_logits,0,0.41131900386376813,0.001,0.25,keqingrl_rule_score_scale_v1,12,93,unrestricted,0.7272727272727273,8,0.0,0.75,0
0.75,all,3,0.6468154191970825,1.25,reports/keqingrl_discard_research_20260425_candidates_checkpoint_rerun/configs/rerun_000_source_93/policy_final.pt,689ed3bc4eacbde87049309fe6a37182cffa1baa03338b8ed653ebab516854fc,0.2,"{""entropy_coef"":0.01,""lr"":3e-05,""opponent_mode"":""rulebase"",""rule_kl_coef"":0.01}",rulebase/rule_kl=0.01/entropy=0.01/lr=3e-05,reports/keqingrl_discard_research_20260425_candidates_checkpoint_rerun/configs/rerun_000_source_93/config.json,1,0.0,0.0,0.0,0.75,all,3,0.01,2,0.0,3,0.003,0,rulebase,zero,0,1,tempered_current_logits,0,0.6800808906555176,0.001,0.25,keqingrl_rule_score_scale_v1,13,93,unrestricted,1.0,8,0.0,0.75,0
0.75,all,3,0.8479308187961578,1.25,reports/keqingrl_discard_research_20260425_candidates_checkpoint_rerun/configs/rerun_000_source_93/policy_final.pt,689ed3bc4eacbde87049309fe6a37182cffa1baa03338b8ed653ebab516854fc,0.2,"{""entropy_coef"":0.01,""lr"":3e-05,""opponent_mode"":""rulebase"",""rule_kl_coef"":0.01}",rulebase/rule_kl=0.01/entropy=0.01/lr=3e-05,reports/keqingrl_discard_research_20260425_candidates_checkpoint_rerun/configs/rerun_000_source_93/config.json,2,0.0,0.0,0.0,0.75,all,3,0.01,2,0.0,3,0.003,0,rulebase,zero,0,2,tempered_current_logits,0,0.6938763856887817,0.001,0.25,keqingrl_rule_score_scale_v1,14,93,unrestricted,0.75,8,0.0,0.75,0
0.75,all,3,0.3528148476034403,1.25,reports/keqingrl_discard_research_20260425_candidates_checkpoint_rerun/configs/rerun_000_source_93/policy_final.pt,689ed3bc4eacbde87049309fe6a37182cffa1baa03338b8ed653ebab516854fc,0.2,"{""entropy_coef"":0.01,""lr"":3e-05,""opponent_mode"":""rulebase"",""rule_kl_coef"":0.01}",rulebase/rule_kl=0.01/entropy=0.01/lr=3e-05,reports/keqingrl_discard_research_20260425_candidates_checkpoint_rerun/configs/rerun_000_source_93/config.json,32,0.0,0.0,0.0,0.75,topk,3,0.01,0,0.0,3,0.003,7,rulebase,zero,1,25,tempered_current_logits,0,0.07320329826325178,0.001,0.25,keqingrl_rule_score_scale_v1,1,93,delta-topk-zero,0.28125,8,0.0,0.75,0
0.75,all,3,-0.03335056282006777,1.25,reports/keqingrl_discard_research_20260425_candidates_checkpoint_rerun/configs/rerun_000_source_93/policy_final.pt,689ed3bc4eacbde87049309fe6a37182cffa1baa03338b8ed653ebab516854fc,0.2,"{""entropy_coef"":0.01,""lr"":3e-05,""opponent_mode"":""rulebase"",""rule_kl_coef"":0.01}",rulebase/rule_kl=0.01/entropy=0.01/lr=3e-05,reports/keqingrl_discard_research_20260425_candidates_checkpoint_rerun/configs/rerun_000_source_93/config.json,26,0.0,0.0,0.0,0.75,topk,3,0.01,0,0.0,3,0.003,13,rulebase,zero,1,13,tempered_current_logits,0,-0.3056463266794498,0.001,0.25,keqingrl_rule_score_scale_v1,2,93,delta-topk-zero,-0.3076923076923077,8,0.0,0.75,0
0.75,all,3,-0.009158843237420788,1.25,reports/keqingrl_discard_research_20260425_candidates_checkpoint_rerun/configs/rerun_000_source_93/policy_final.pt,689ed3bc4eacbde87049309fe6a37182cffa1baa03338b8ed653ebab516854fc,0.2,"{""entropy_coef"":0.01,""lr"":3e-05,""opponent_mode"":""rulebase"",""rule_kl_coef"":0.01}",rulebase/rule_kl=0.01/entropy=0.01/lr=3e-05,reports/keqingrl_discard_research_20260425_candidates_checkpoint_rerun/configs/rerun_000_source_93/config.json,23,0.0,0.0,0.0,0.75,topk,3,0.01,0,0.0,3,0.003,9,rulebase,zero,1,14,tempered_current_logits,0,-0.2455820263079975,0.001,0.25,keqingrl_rule_score_scale_v1,3,93,delta-topk-zero,-0.08695652173913043,8,0.0,0.75,0
0.75,all,3,0.012034330765406291,1.25,reports/keqingrl_discard_research_20260425_candidates_checkpoint_rerun/configs/rerun_000_source_93/policy_final.pt,689ed3bc4eacbde87049309fe6a37182cffa1baa03338b8ed653ebab516854fc,0.2,"{""entropy_coef"":0.01,""lr"":3e-05,""opponent_mode"":""rulebase"",""rule_kl_coef"":0.01}",rulebase/rule_kl=0.01/entropy=0.01/lr=3e-05,reports/keqingrl_discard_research_20260425_candidates_checkpoint_rerun/configs/rerun_000_source_93/config.json,15,0.0,0.0,0.0,0.75,topk,3,0.01,0,0.0,3,0.003,6,rulebase,zero,1,9,tempered_current_logits,0,-0.20536636312802634,0.001,0.25,keqingrl_rule_score_scale_v1,4,93,delta-topk-zero,-0.13333333333333333,8,0.0,0.75,0
0.75,all,3,0.43776324060228133,1.25,reports/keqingrl_discard_research_20260425_candidates_checkpoint_rerun/configs/rerun_000_source_93/policy_final.pt,689ed3bc4eacbde87049309fe6a37182cffa1baa03338b8ed653ebab516854fc,0.2,"{""entropy_coef"":0.01,""lr"":3e-05,""opponent_mode"":""rulebase"",""rule_kl_coef"":0.01}",rulebase/rule_kl=0.01/entropy=0.01/lr=3e-05,reports/keqingrl_discard_research_20260425_candidates_checkpoint_rerun/configs/rerun_000_source_93/config.json,18,0.0,0.0,0.0,0.75,topk,3,0.01,0,0.0,3,0.003,4,rulebase,zero,1,14,tempered_current_logits,0,0.15961864176723692,0.001,0.25,keqingrl_rule_score_scale_v1,5,93,delta-topk-zero,0.3333333333333333,8,0.0,0.75,0
0.75,all,3,0.10212656855583191,1.25,reports/keqingrl_discard_research_20260425_candidates_checkpoint_rerun/configs/rerun_000_source_93/policy_final.pt,689ed3bc4eacbde87049309fe6a37182cffa1baa03338b8ed653ebab516854fc,0.2,"{""entropy_coef"":0.01,""lr"":3e-05,""opponent_mode"":""rulebase"",""rule_kl_coef"":0.01}",rulebase/rule_kl=0.01/entropy=0.01/lr=3e-05,reports/keqingrl_discard_research_20260425_candidates_checkpoint_rerun/configs/rerun_000_source_93/config.json,18,0.0,0.0,0.0,0.75,topk,3,0.01,0,0.0,3,0.003,7,rulebase,zero,1,11,tempered_current_logits,0,-0.14802487360106575,0.001,0.25,keqingrl_rule_score_scale_v1,6,93,delta-topk-zero,-0.05555555555555555,8,0.0,0.75,0
0.75,all,3,-0.07376276021418364,1.25,reports/keqingrl_discard_research_20260425_candidates_checkpoint_rerun/configs/rerun_000_source_93/policy_final.pt,689ed3bc4eacbde87049309fe6a37182cffa1baa03338b8ed653ebab516854fc,0.2,"{""entropy_coef"":0.01,""lr"":3e-05,""opponent_mode"":""rulebase"",""rule_kl_coef"":0.01}",rulebase/rule_kl=0.01/entropy=0.01/lr=3e-05,reports/keqingrl_discard_research_20260425_candidates_checkpoint_rerun/configs/rerun_000_source_93/config.json,23,0.0,0.0,0.0,0.75,topk,3,0.01,0,0.0,3,0.003,12,rulebase,zero,1,11,tempered_current_logits,0,-0.3469119227450827,0.001,0.25,keqingrl_rule_score_scale_v1,7,93,delta-topk-zero,-0.32608695652173914,8,0.0,0.75,0
0.75,all,3,0.42636009119451046,1.25,reports/keqingrl_discard_research_20260425_candidates_checkpoint_rerun/configs/rerun_000_source_93/policy_final.pt,689ed3bc4eacbde87049309fe6a37182cffa1baa03338b8ed653ebab516854fc,0.2,"{""entropy_coef"":0.01,""lr"":3e-05,""opponent_mode"":""rulebase"",""rule_kl_coef"":0.01}",rulebase/rule_kl=0.01/entropy=0.01/lr=3e-05,reports/keqingrl_discard_research_20260425_candidates_checkpoint_rerun/configs/rerun_000_source_93/config.json,16,0.0,0.0,0.0,0.75,topk,3,0.01,0,0.0,3,0.003,3,rulebase,zero,1,13,tempered_current_logits,0,0.14815340004861355,0.001,0.25,keqingrl_rule_score_scale_v1,8,93,delta-topk-zero,0.4375,8,0.0,0.75,0
0.75,all,3,0.20249212705172026,1.25,reports/keqingrl_discard_research_20260425_candidates_checkpoint_rerun/configs/rerun_000_source_93/policy_final.pt,689ed3bc4eacbde87049309fe6a37182cffa1baa03338b8ed653ebab516854fc,0.2,"{""entropy_coef"":0.01,""lr"":3e-05,""opponent_mode"":""rulebase"",""rule_kl_coef"":0.01}",rulebase/rule_kl=0.01/entropy=0.01/lr=3e-05,reports/keqingrl_discard_research_20260425_candidates_checkpoint_rerun/configs/rerun_000_source_93/config.json,13,0.0,0.0,0.0,0.75,topk,3,0.01,0,0.0,3,0.003,4,rulebase,zero,1,9,tempered_current_logits,0,-0.030263929412915155,0.001,0.25,keqingrl_rule_score_scale_v1,9,93,delta-topk-zero,0.07692307692307693,8,0.0,0.75,0
0.75,all,3,0.36196337233890186,1.25,reports/keqingrl_discard_research_20260425_candidates_checkpoint_rerun/configs/rerun_000_source_93/policy_final.pt,689ed3bc4eacbde87049309fe6a37182cffa1baa03338b8ed653ebab516854fc,0.2,"{""entropy_coef"":0.01,""lr"":3e-05,""opponent_mode"":""rulebase"",""rule_kl_coef"":0.01}",rulebase/rule_kl=0.01/entropy=0.01/lr=3e-05,reports/keqingrl_discard_research_20260425_candidates_checkpoint_rerun/configs/rerun_000_source_93/config.json,22,0.0,0.0,0.0,0.75,topk,3,0.01,0,0.0,3,0.003,5,rulebase,zero,1,17,tempered_current_logits,0,0.09871058098294518,0.001,0.25,keqingrl_rule_score_scale_v1,10,93,delta-topk-zero,0.3181818181818182,8,0.0,0.75,0
0.75,all,3,0.41524084550993784,1.25,reports/keqingrl_discard_research_20260425_candidates_checkpoint_rerun/configs/rerun_000_source_93/policy_final.pt,689ed3bc4eacbde87049309fe6a37182cffa1baa03338b8ed653ebab516854fc,0.2,"{""entropy_coef"":0.01,""lr"":3e-05,""opponent_mode"":""rulebase"",""rule_kl_coef"":0.01}",rulebase/rule_kl=0.01/entropy=0.01/lr=3e-05,reports/keqingrl_discard_research_20260425_candidates_checkpoint_rerun/configs/rerun_000_source_93/config.json,21,0.0,0.0,0.0,0.75,topk,3,0.01,0,0.0,3,0.003,5,rulebase,zero,1,16,tempered_current_logits,0,0.13146824283259256,0.001,0.25,keqingrl_rule_score_scale_v1,11,93,delta-topk-zero,0.30952380952380953,8,0.0,0.75,0
0.75,all,3,0.268410112708807,1.25,reports/keqingrl_discard_research_20260425_candidates_checkpoint_rerun/configs/rerun_000_source_93/policy_final.pt,689ed3bc4eacbde87049309fe6a37182cffa1baa03338b8ed653ebab516854fc,0.2,"{""entropy_coef"":0.01,""lr"":3e-05,""opponent_mode"":""rulebase"",""rule_kl_coef"":0.01}",rulebase/rule_kl=0.01/entropy=0.01/lr=3e-05,reports/keqingrl_discard_research_20260425_candidates_checkpoint_rerun/configs/rerun_000_source_93/config.json,12,0.0,0.0,0.0,0.75,topk,3,0.01,0,0.0,3,0.003,3,rulebase,zero,1,9,tempered_current_logits,0,0.05734967005749544,0.001,0.25,keqingrl_rule_score_scale_v1,12,93,delta-topk-zero,0.125,8,0.0,0.75,0
0.75,all,3,-0.9626039564609528,1.25,reports/keqingrl_discard_research_20260425_candidates_checkpoint_rerun/configs/rerun_000_source_93/policy_final.pt,689ed3bc4eacbde87049309fe6a37182cffa1baa03338b8ed653ebab516854fc,0.2,"{""entropy_coef"":0.01,""lr"":3e-05,""opponent_mode"":""rulebase"",""rule_kl_coef"":0.01}",rulebase/rule_kl=0.01/entropy=0.01/lr=3e-05,reports/keqingrl_discard_research_20260425_candidates_checkpoint_rerun/configs/rerun_000_source_93/config.json,2,0.0,0.0,0.0,0.75,topk,3,0.01,0,0.0,3,0.003,2,rulebase,zero,1,0,tempered_current_logits,0,-1.3022936582565308,0.001,0.25,keqingrl_rule_score_scale_v1,13,93,delta-topk-zero,-1.5,8,0.0,0.75,0
0.75,all,3,-0.733985185623169,1.25,reports/keqingrl_discard_research_20260425_candidates_checkpoint_rerun/configs/rerun_000_source_93/policy_final.pt,689ed3bc4eacbde87049309fe6a37182cffa1baa03338b8ed653ebab516854fc,0.2,"{""entropy_coef"":0.01,""lr"":3e-05,""opponent_mode"":""rulebase"",""rule_kl_coef"":0.01}",rulebase/rule_kl=0.01/entropy=0.01/lr=3e-05,reports/keqingrl_discard_research_20260425_candidates_checkpoint_rerun/configs/rerun_000_source_93/config.json,1,0.0,0.0,0.0,0.75,topk,3,0.01,0,0.0,3,0.003,1,rulebase,zero,1,0,tempered_current_logits,0,-1.0344607830047607,0.001,0.25,keqingrl_rule_score_scale_v1,14,93,delta-topk-zero,-1.5,8,0.0,0.75,0
0.75,all,3,0.41815565195348525,1.25,reports/keqingrl_discard_research_20260425_candidates_checkpoint_rerun/configs/rerun_000_source_93/policy_final.pt,689ed3bc4eacbde87049309fe6a37182cffa1baa03338b8ed653ebab516854fc,0.2,"{""entropy_coef"":0.01,""lr"":3e-05,""opponent_mode"":""rulebase"",""rule_kl_coef"":0.01}",rulebase/rule_kl=0.01/entropy=0.01/lr=3e-05,reports/keqingrl_discard_research_20260425_candidates_checkpoint_rerun/configs/rerun_000_source_93/config.json,27,0.0,0.0,0.0,0.75,topk,3,0.01,1,0.0,3,0.003,12,rulebase,zero,1,15,tempered_current_logits,0,-0.6617362399895986,0.001,0.25,keqingrl_rule_score_scale_v1,1,93,delta-topk-zero,-0.3333333333333333,8,0.0,0.75,0
0.75,all,3,0.30206165090203285,1.25,reports/keqingrl_discard_research_20260425_candidates_checkpoint_rerun/configs/rerun_000_source_93/policy_final.pt,689ed3bc4eacbde87049309fe6a37182cffa1baa03338b8ed653ebab516854fc,0.2,"{""entropy_coef"":0.01,""lr"":3e-05,""opponent_mode"":""rulebase"",""rule_kl_coef"":0.01}",rulebase/rule_kl=0.01/entropy=0.01/lr=3e-05,reports/keqingrl_discard_research_20260425_candidates_checkpoint_rerun/configs/rerun_000_source_93/config.json,14,0.0,0.0,0.0,0.75,topk,3,0.01,1,0.0,3,0.003,6,rulebase,zero,1,8,tempered_current_logits,0,-0.7854393145867756,0.001,0.25,keqingrl_rule_score_scale_v1,2,93,delta-topk-zero,-0.5714285714285714,8,0.0,0.75,0
0.75,all,3,0.16726723685860634,1.25,reports/keqingrl_discard_research_20260425_candidates_checkpoint_rerun/configs/rerun_000_source_93/policy_final.pt,689ed3bc4eacbde87049309fe6a37182cffa1baa03338b8ed653ebab516854fc,0.2,"{""entropy_coef"":0.01,""lr"":3e-05,""opponent_mode"":""rulebase"",""rule_kl_coef"":0.01}",rulebase/rule_kl=0.01/entropy=0.01/lr=3e-05,reports/keqingrl_discard_research_20260425_candidates_checkpoint_rerun/configs/rerun_000_source_93/config.json,15,0.0,0.0,0.0,0.75,topk,3,0.01,1,0.0,3,0.003,8,rulebase,zero,1,7,tempered_current_logits,0,-0.9180921157201131,0.001,0.25,keqingrl_rule_score_scale_v1,3,93,delta-topk-zero,-0.8,8,0.0,0.75,0
0.75,all,3,0.6124458133586144,1.25,reports/keqingrl_discard_research_20260425_candidates_checkpoint_rerun/configs/rerun_000_source_93/policy_final.pt,689ed3bc4eacbde87049309fe6a37182cffa1baa03338b8ed653ebab516854fc,0.2,"{""entropy_coef"":0.01,""lr"":3e-05,""opponent_mode"":""rulebase"",""rule_kl_coef"":0.01}",rulebase/rule_kl=0.01/entropy=0.01/lr=3e-05,reports/keqingrl_discard_research_20260425_candidates_checkpoint_rerun/configs/rerun_000_source_93/config.json,19,0.0,0.0,0.0,0.75,topk,3,0.01,1,0.0,3,0.003,8,rulebase,zero,1,11,tempered_current_logits,0,-0.5663608594944602,0.001,0.25,keqingrl_rule_score_scale_v1,4,93,delta-topk-zero,-0.2631578947368421,8,0.0,0.75,0
0.75,all,3,0.62854027067279,1.25,reports/keqingrl_discard_research_20260425_candidates_checkpoint_rerun/configs/rerun_000_source_93/policy_final.pt,689ed3bc4eacbde87049309fe6a37182cffa1baa03338b8ed653ebab516854fc,0.2,"{""entropy_coef"":0.01,""lr"":3e-05,""opponent_mode"":""rulebase"",""rule_kl_coef"":0.01}",rulebase/rule_kl=0.01/entropy=0.01/lr=3e-05,reports/keqingrl_discard_research_20260425_candidates_checkpoint_rerun/configs/rerun_000_source_93/config.json,29,0.0,0.0,0.0,0.75,topk,3,0.01,1,0.0,3,0.003,9,rulebase,zero,1,20,tempered_current_logits,0,-0.44477561321751824,0.001,0.25,keqingrl_rule_score_scale_v1,5,93,delta-topk-zero,-0.017241379310344827,8,0.0,0.75,0
0.75,all,3,0.19525192559231072,1.25,reports/keqingrl_discard_research_20260425_candidates_checkpoint_rerun/configs/rerun_000_source_93/policy_final.pt,689ed3bc4eacbde87049309fe6a37182cffa1baa03338b8ed653ebab516854fc,0.2,"{""entropy_coef"":0.01,""lr"":3e-05,""opponent_mode"":""rulebase"",""rule_kl_coef"":0.01}",rulebase/rule_kl=0.01/entropy=0.01/lr=3e-05,reports/keqingrl_discard_research_20260425_candidates_checkpoint_rerun/configs/rerun_000_source_93/config.json,20,0.0,0.0,0.0,0.75,topk,3,0.01,1,0.0,3,0.003,12,rulebase,zero,1,8,tempered_current_logits,0,-0.9001093342900276,0.001,0.25,keqingrl_rule_score_scale_v1,6,93,delta-topk-zero,-0.825,8,0.0,0.75,0
0.75,all,3,0.19456974218289058,1.25,reports/keqingrl_discard_research_20260425_candidates_checkpoint_rerun/configs/rerun_000_source_93/policy_final.pt,689ed3bc4eacbde87049309fe6a37182cffa1baa03338b8ed653ebab516854fc,0.2,"{""entropy_coef"":0.01,""lr"":3e-05,""opponent_mode"":""rulebase"",""rule_kl_coef"":0.01}",rulebase/rule_kl=0.01/entropy=0.01/lr=3e-05,reports/keqingrl_discard_research_20260425_candidates_checkpoint_rerun/configs/rerun_000_source_93/config.json,15,0.0,0.0,0.0,0.75,topk,3,0.01,1,0.0,3,0.003,7,rulebase,zero,1,8,tempered_current_logits,0,-0.8543457686901093,0.001,0.25,keqingrl_rule_score_scale_v1,7,93,delta-topk-zero,-0.6333333333333333,8,0.0,0.75,0
0.75,all,3,0.9154169493251376,1.25,reports/keqingrl_discard_research_20260425_candidates_checkpoint_rerun/configs/rerun_000_source_93/policy_final.pt,689ed3bc4eacbde87049309fe6a37182cffa1baa03338b8ed653ebab516854fc,0.2,"{""entropy_coef"":0.01,""lr"":3e-05,""opponent_mode"":""rulebase"",""rule_kl_coef"":0.01}",rulebase/rule_kl=0.01/entropy=0.01/lr=3e-05,reports/keqingrl_discard_research_20260425_candidates_checkpoint_rerun/configs/rerun_000_source_93/config.json,9,0.0,0.0,0.0,0.75,topk,3,0.01,1,0.0,3,0.003,3,rulebase,zero,1,6,tempered_current_logits,0,-0.2358559634950426,0.001,0.25,keqingrl_rule_score_scale_v1,8,93,delta-topk-zero,0.0,8,0.0,0.75,0
0.75,all,3,0.9144730314612388,1.25,reports/keqingrl_discard_research_20260425_candidates_checkpoint_rerun/configs/rerun_000_source_93/policy_final.pt,689ed3bc4eacbde87049309fe6a37182cffa1baa03338b8ed653ebab516854fc,0.2,"{""entropy_coef"":0.01,""lr"":3e-05,""opponent_mode"":""rulebase"",""rule_kl_coef"":0.01}",rulebase/rule_kl=0.01/entropy=0.01/lr=3e-05,reports/keqingrl_discard_research_20260425_candidates_checkpoint_rerun/configs/rerun_000_source_93/config.json,15,0.0,0.0,0.0,0.75,topk,3,0.01,1,0.0,3,0.003,3,rulebase,zero,1,12,tempered_current_logits,0,-0.2554327289263407,0.001,0.25,keqingrl_rule_score_scale_v1,9,93,delta-topk-zero,0.2,8,0.0,0.75,0
0.75,all,3,1.0378525296847025,1.25,reports/keqingrl_discard_research_20260425_candidates_checkpoint_rerun/configs/rerun_000_source_93/policy_final.pt,689ed3bc4eacbde87049309fe6a37182cffa1baa03338b8ed653ebab516854fc,0.2,"{""entropy_coef"":0.01,""lr"":3e-05,""opponent_mode"":""rulebase"",""rule_kl_coef"":0.01}",rulebase/rule_kl=0.01/entropy=0.01/lr=3e-05,reports/keqingrl_discard_research_20260425_candidates_checkpoint_rerun/configs/rerun_000_source_93/config.json,15,0.0,0.0,0.0,0.75,topk,3,0.01,1,0.0,3,0.003,3,rulebase,zero,1,12,tempered_current_logits,0,-0.15746759374936423,0.001,0.25,keqingrl_rule_score_scale_v1,10,93,delta-topk-zero,0.2,8,0.0,0.75,0
0.75,all,3,0.29362922500480304,1.25,reports/keqingrl_discard_research_20260425_candidates_checkpoint_rerun/configs/rerun_000_source_93/policy_final.pt,689ed3bc4eacbde87049309fe6a37182cffa1baa03338b8ed653ebab516854fc,0.2,"{""entropy_coef"":0.01,""lr"":3e-05,""opponent_mode"":""rulebase"",""rule_kl_coef"":0.01}",rulebase/rule_kl=0.01/entropy=0.01/lr=3e-05,reports/keqingrl_discard_research_20260425_candidates_checkpoint_rerun/configs/rerun_000_source_93/config.json,11,0.0,0.0,0.0,0.75,topk,3,0.01,1,0.0,3,0.003,5,rulebase,zero,1,6,tempered_current_logits,0,-0.5810255056077783,0.001,0.25,keqingrl_rule_score_scale_v1,11,93,delta-topk-zero,-0.13636363636363635,8,0.0,0.75,0
0.75,all,3,0.6277889832854271,1.25,reports/keqingrl_discard_research_20260425_candidates_checkpoint_rerun/configs/rerun_000_source_93/policy_final.pt,689ed3bc4eacbde87049309fe6a37182cffa1baa03338b8ed653ebab516854fc,0.2,"{""entropy_coef"":0.01,""lr"":3e-05,""opponent_mode"":""rulebase"",""rule_kl_coef"":0.01}",rulebase/rule_kl=0.01/entropy=0.01/lr=3e-05,reports/keqingrl_discard_research_20260425_candidates_checkpoint_rerun/configs/rerun_000_source_93/config.json,12,0.0,0.0,0.0,0.75,topk,3,0.01,1,0.0,3,0.003,3,rulebase,zero,1,9,tempered_current_logits,0,-0.3270609602332115,0.001,0.25,keqingrl_rule_score_scale_v1,12,93,delta-topk-zero,0.041666666666666664,8,0.0,0.75,0
0.75,all,3,-0.3865396976470947,1.25,reports/keqingrl_discard_research_20260425_candidates_checkpoint_rerun/configs/rerun_000_source_93/policy_final.pt,689ed3bc4eacbde87049309fe6a37182cffa1baa03338b8ed653ebab516854fc,0.2,"{""entropy_coef"":0.01,""lr"":3e-05,""opponent_mode"":""rulebase"",""rule_kl_coef"":0.01}",rulebase/rule_kl=0.01/entropy=0.01/lr=3e-05,reports/keqingrl_discard_research_20260425_candidates_checkpoint_rerun/configs/rerun_000_source_93/config.json,1,0.0,0.0,0.0,0.75,topk,3,0.01,1,0.0,3,0.003,1,rulebase,zero,1,0,tempered_current_logits,0,-1.435281753540039,0.001,0.25,keqingrl_rule_score_scale_v1,13,93,delta-topk-zero,-1.5,8,0.0,0.75,0
0.75,all,3,0.8357797400094569,1.25,reports/keqingrl_discard_research_20260425_candidates_checkpoint_rerun/configs/rerun_000_source_93/policy_final.pt,689ed3bc4eacbde87049309fe6a37182cffa1baa03338b8ed653ebab516854fc,0.2,"{""entropy_coef"":0.01,""lr"":3e-05,""opponent_mode"":""rulebase"",""rule_kl_coef"":0.01}",rulebase/rule_kl=0.01/entropy=0.01/lr=3e-05,reports/keqingrl_discard_research_20260425_candidates_checkpoint_rerun/configs/rerun_000_source_93/config.json,32,0.0,0.0,0.0,0.75,topk,3,0.01,2,0.0,3,0.003,8,rulebase,zero,1,24,tempered_current_logits,0,-0.17791897431015968,0.001,0.25,keqingrl_rule_score_scale_v1,1,93,delta-topk-zero,0.234375,8,0.0,0.75,0
0.75,all,3,0.590739583330495,1.25,reports/keqingrl_discard_research_20260425_candidates_checkpoint_rerun/configs/rerun_000_source_93/policy_final.pt,689ed3bc4eacbde87049309fe6a37182cffa1baa03338b8ed653ebab516854fc,0.2,"{""entropy_coef"":0.01,""lr"":3e-05,""opponent_mode"":""rulebase"",""rule_kl_coef"":0.01}",rulebase/rule_kl=0.01/entropy=0.01/lr=3e-05,reports/keqingrl_discard_research_20260425_candidates_checkpoint_rerun/configs/rerun_000_source_93/config.json,14,0.0,0.0,0.0,0.75,topk,3,0.01,2,0.0,3,0.003,5,rulebase,zero,1,9,tempered_current_logits,0,-0.4332374632358551,0.001,0.25,keqingrl_rule_score_scale_v1,2,93,delta-topk-zero,0.03571428571428571,8,0.0,0.75,0
0.75,all,3,0.8406620092689991,1.25,reports/keqingrl_discard_research_20260425_candidates_checkpoint_rerun/configs/rerun_000_source_93/policy_final.pt,689ed3bc4eacbde87049309fe6a37182cffa1baa03338b8ed653ebab516854fc,0.2,"{""entropy_coef"":0.01,""lr"":3e-05,""opponent_mode"":""rulebase"",""rule_kl_coef"":0.01}",rulebase/rule_kl=0.01/entropy=0.01/lr=3e-05,reports/keqingrl_discard_research_20260425_candidates_checkpoint_rerun/configs/rerun_000_source_93/config.json,20,0.0,0.0,0.0,0.75,topk,3,0.01,2,0.0,3,0.003,4,rulebase,zero,1,16,tempered_current_logits,0,-0.15475103706121446,0.001,0.25,keqingrl_rule_score_scale_v1,3,93,delta-topk-zero,0.275,8,0.0,0.75,0
0.75,all,3,0.8968774229288101,1.25,reports/keqingrl_discard_research_20260425_candidates_checkpoint_rerun/configs/rerun_000_source_93/policy_final.pt,689ed3bc4eacbde87049309fe6a37182cffa1baa03338b8ed653ebab516854fc,0.2,"{""entropy_coef"":0.01,""lr"":3e-05,""opponent_mode"":""rulebase"",""rule_kl_coef"":0.01}",rulebase/rule_kl=0.01/entropy=0.01/lr=3e-05,reports/keqingrl_discard_research_20260425_candidates_checkpoint_rerun/configs/rerun_000_source_93/config.json,16,0.0,0.0,0.0,0.75,topk,3,0.01,2,0.0,3,0.003,2,rulebase,zero,1,14,tempered_current_logits,0,-0.1498845387250185,0.001,0.25,keqingrl_rule_score_scale_v1,4,93,delta-topk-zero,0.5625,8,0.0,0.75,0
0.75,all,3,0.9403502921263377,1.25,reports/keqingrl_discard_research_20260425_candidates_checkpoint_rerun/configs/rerun_000_source_93/policy_final.pt,689ed3bc4eacbde87049309fe6a37182cffa1baa03338b8ed653ebab516854fc,0.2,"{""entropy_coef"":0.01,""lr"":3e-05,""opponent_mode"":""rulebase"",""rule_kl_coef"":0.01}",rulebase/rule_kl=0.01/entropy=0.01/lr=3e-05,reports/keqingrl_discard_research_20260425_candidates_checkpoint_rerun/configs/rerun_000_source_93/config.json,15,0.0,0.0,0.0,0.75,topk,3,0.01,2,0.0,3,0.003,3,rulebase,zero,1,12,tempered_current_logits,0,-0.08971885840098064,0.001,0.25,keqingrl_rule_score_scale_v1,5,93,delta-topk-zero,0.43333333333333335,8,0.0,0.75,0
0.75,all,3,0.716795502230525,1.25,reports/keqingrl_discard_research_20260425_candidates_checkpoint_rerun/configs/rerun_000_source_93/policy_final.pt,689ed3bc4eacbde87049309fe6a37182cffa1baa03338b8ed653ebab516854fc,0.2,"{""entropy_coef"":0.01,""lr"":3e-05,""opponent_mode"":""rulebase"",""rule_kl_coef"":0.01}",rulebase/rule_kl=0.01/entropy=0.01/lr=3e-05,reports/keqingrl_discard_research_20260425_candidates_checkpoint_rerun/configs/rerun_000_source_93/config.json,20,0.0,0.0,0.0,0.75,topk,3,0.01,2,0.0,3,0.003,5,rulebase,zero,1,15,tempered_current_logits,0,-0.21937934383749963,0.001,0.25,keqingrl_rule_score_scale_v1,6,93,delta-topk-zero,0.3,8,0.0,0.75,0
0.75,all,3,0.9535814072781553,1.25,reports/keqingrl_discard_research_20260425_candidates_checkpoint_rerun/configs/rerun_000_source_93/policy_final.pt,689ed3bc4eacbde87049309fe6a37182cffa1baa03338b8ed653ebab516854fc,0.2,"{""entropy_coef"":0.01,""lr"":3e-05,""opponent_mode"":""rulebase"",""rule_kl_coef"":0.01}",rulebase/rule_kl=0.01/entropy=0.01/lr=3e-05,reports/keqingrl_discard_research_20260425_candidates_checkpoint_rerun/configs/rerun_000_source_93/config.json,24,0.0,0.0,0.0,0.75,topk,3,0.01,2,0.0,3,0.003,5,rulebase,zero,1,19,tempered_current_logits,0,-0.11595815295974414,0.001,0.25,keqingrl_rule_score_scale_v1,7,93,delta-topk-zero,0.3958333333333333,8,0.0,0.75,0
0.75,all,3,0.8337824755481311,1.25,reports/keqingrl_discard_research_20260425_candidates_checkpoint_rerun/configs/rerun_000_source_93/policy_final.pt,689ed3bc4eacbde87049309fe6a37182cffa1baa03338b8ed653ebab516854fc,0.2,"{""entropy_coef"":0.01,""lr"":3e-05,""opponent_mode"":""rulebase"",""rule_kl_coef"":0.01}",rulebase/rule_kl=0.01/entropy=0.01/lr=3e-05,reports/keqingrl_discard_research_20260425_candidates_checkpoint_rerun/configs/rerun_000_source_93/config.json,35,0.0,0.0,0.0,0.75,topk,3,0.01,2,0.0,3,0.003,9,rulebase,zero,1,26,tempered_current_logits,0,-0.18656804731913976,0.001,0.25,keqingrl_rule_score_scale_v1,8,93,delta-topk-zero,0.2857142857142857,8,0.0,0.75,0
0.75,all,3,0.7402031903757769,1.25,reports/keqingrl_discard_research_20260425_candidates_checkpoint_rerun/configs/rerun_000_source_93/policy_final.pt,689ed3bc4eacbde87049309fe6a37182cffa1baa03338b8ed653ebab516854fc,0.2,"{""entropy_coef"":0.01,""lr"":3e-05,""opponent_mode"":""rulebase"",""rule_kl_coef"":0.01}",rulebase/rule_kl=0.01/entropy=0.01/lr=3e-05,reports/keqingrl_discard_research_20260425_candidates_checkpoint_rerun/configs/rerun_000_source_93/config.json,17,0.0,0.0,0.0,0.75,topk,3,0.01,2,0.0,3,0.003,5,rulebase,zero,1,12,tempered_current_logits,0,-0.27106499233666587,0.001,0.25,keqingrl_rule_score_scale_v1,9,93,delta-topk-zero,0.17647058823529413,8,0.0,0.75,0
0.75,all,3,0.6604852702306665,1.25,reports/keqingrl_discard_research_20260425_candidates_checkpoint_rerun/configs/rerun_000_source_93/policy_final.pt,689ed3bc4eacbde87049309fe6a37182cffa1baa03338b8ed653ebab516854fc,0.2,"{""entropy_coef"":0.01,""lr"":3e-05,""opponent_mode"":""rulebase"",""rule_kl_coef"":0.01}",rulebase/rule_kl=0.01/entropy=0.01/lr=3e-05,reports/keqingrl_discard_research_20260425_candidates_checkpoint_rerun/configs/rerun_000_source_93/config.json,23,0.0,0.0,0.0,0.75,topk,3,0.01,2,0.0,3,0.003,7,rulebase,zero,1,16,tempered_current_logits,0,-0.30654296926830127,0.001,0.25,keqingrl_rule_score_scale_v1,10,93,delta-topk-zero,0.13043478260869565,8,0.0,0.75,0
0.75,all,3,1.0637934362888337,1.25,reports/keqingrl_discard_research_20260425_candidates_checkpoint_rerun/configs/rerun_000_source_93/policy_final.pt,689ed3bc4eacbde87049309fe6a37182cffa1baa03338b8ed653ebab516854fc,0.2,"{""entropy_coef"":0.01,""lr"":3e-05,""opponent_mode"":""rulebase"",""rule_kl_coef"":0.01}",rulebase/rule_kl=0.01/entropy=0.01/lr=3e-05,reports/keqingrl_discard_research_20260425_candidates_checkpoint_rerun/configs/rerun_000_source_93/config.json,25,0.0,0.0,0.0,0.75,topk,3,0.01,2,0.0,3,0.003,4,rulebase,zero,1,21,tempered_current_logits,0,0.029472506046295165,0.001,0.25,keqingrl_rule_score_scale_v1,11,93,delta-topk-zero,0.46,8,0.0,0.75,0
0.75,all,3,0.5253194430842996,1.25,reports/keqingrl_discard_research_20260425_candidates_checkpoint_rerun/configs/rerun_000_source_93/policy_final.pt,689ed3bc4eacbde87049309fe6a37182cffa1baa03338b8ed653ebab516854fc,0.2,"{""entropy_coef"":0.01,""lr"":3e-05,""opponent_mode"":""rulebase"",""rule_kl_coef"":0.01}",rulebase/rule_kl=0.01/entropy=0.01/lr=3e-05,reports/keqingrl_discard_research_20260425_candidates_checkpoint_rerun/configs/rerun_000_source_93/config.json,16,0.0,0.0,0.0,0.75,topk,3,0.01,2,0.0,3,0.003,5,rulebase,zero,1,11,tempered_current_logits,0,-0.4259593263268471,0.001,0.25,keqingrl_rule_score_scale_v1,12,93,delta-topk-zero,0.0625,8,0.0,0.75,0
0.75,all,3,0.4777377311140299,1.25,reports/keqingrl_discard_research_20260425_candidates_checkpoint_rerun/configs/rerun_000_source_93/policy_final.pt,689ed3bc4eacbde87049309fe6a37182cffa1baa03338b8ed653ebab516854fc,0.2,"{""entropy_coef"":0.01,""lr"":3e-05,""opponent_mode"":""rulebase"",""rule_kl_coef"":0.01}",rulebase/rule_kl=0.01/entropy=0.01/lr=3e-05,reports/keqingrl_discard_research_20260425_candidates_checkpoint_rerun/configs/rerun_000_source_93/config.json,5,0.0,0.0,0.0,0.75,topk,3,0.01,2,0.0,3,0.003,1,rulebase,zero,1,4,tempered_current_logits,0,-0.32269453406333926,0.001,0.25,keqingrl_rule_score_scale_v1,13,93,delta-topk-zero,0.4,8,0.0,0.75,0
0.75,all,3,0.4716875513394674,1.25,reports/keqingrl_discard_research_20260425_candidates_checkpoint_rerun/configs/rerun_000_source_93/policy_final.pt,689ed3bc4eacbde87049309fe6a37182cffa1baa03338b8ed653ebab516854fc,0.2,"{""entropy_coef"":0.01,""lr"":3e-05,""opponent_mode"":""rulebase"",""rule_kl_coef"":0.01}",rulebase/rule_kl=0.01/entropy=0.01/lr=3e-05,reports/keqingrl_discard_research_20260425_candidates_checkpoint_rerun/configs/rerun_000_source_93/config.json,45,0.0,0.0,0.0,0.75,topk,5,0.01,0,0.0,3,0.003,6,rulebase,zero,2,39,tempered_current_logits,0,0.21079671647813586,0.001,0.25,keqingrl_rule_score_scale_v1,1,93,delta-topk-zero,0.4777777777777778,8,0.0,0.75,0
0.75,all,3,0.4759645049388592,1.25,reports/keqingrl_discard_research_20260425_candidates_checkpoint_rerun/configs/rerun_000_source_93/policy_final.pt,689ed3bc4eacbde87049309fe6a37182cffa1baa03338b8ed653ebab516854fc,0.2,"{""entropy_coef"":0.01,""lr"":3e-05,""opponent_mode"":""rulebase"",""rule_kl_coef"":0.01}",rulebase/rule_kl=0.01/entropy=0.01/lr=3e-05,reports/keqingrl_discard_research_20260425_candidates_checkpoint_rerun/configs/rerun_000_source_93/config.json,13,0.0,0.0,0.0,0.75,topk,5,0.01,0,0.0,3,0.003,2,rulebase,zero,2,11,tempered_current_logits,0,0.24161259944622332,0.001,0.25,keqingrl_rule_score_scale_v1,2,93,delta-topk-zero,0.5384615384615384,8,0.0,0.75,0
0.75,all,3,0.2608871415257454,1.25,reports/keqingrl_discard_research_20260425_candidates_checkpoint_rerun/configs/rerun_000_source_93/policy_final.pt,689ed3bc4eacbde87049309fe6a37182cffa1baa03338b8ed653ebab516854fc,0.2,"{""entropy_coef"":0.01,""lr"":3e-05,""opponent_mode"":""rulebase"",""rule_kl_coef"":0.01}",rulebase/rule_kl=0.01/entropy=0.01/lr=3e-05,reports/keqingrl_discard_research_20260425_candidates_checkpoint_rerun/configs/rerun_000_source_93/config.json,20,0.0,0.0,0.0,0.75,topk,5,0.01,0,0.0,3,0.003,5,rulebase,zero,2,15,tempered_current_logits,0,-0.0007095575332641601,0.001,0.25,keqingrl_rule_score_scale_v1,3,93,delta-topk-zero,0.2,8,0.0,0.75,0
0.75,all,3,0.24710767169793446,1.25,reports/keqingrl_discard_research_20260425_candidates_checkpoint_rerun/configs/rerun_000_source_93/policy_final.pt,689ed3bc4eacbde87049309fe6a37182cffa1baa03338b8ed653ebab516854fc,0.2,"{""entropy_coef"":0.01,""lr"":3e-05,""opponent_mode"":""rulebase"",""rule_kl_coef"":0.01}",rulebase/rule_kl=0.01/entropy=0.01/lr=3e-05,reports/keqingrl_discard_research_20260425_candidates_checkpoint_rerun/configs/rerun_000_source_93/config.json,15,0.0,0.0,0.0,0.75,topk,5,0.01,0,0.0,3,0.003,4,rulebase,zero,2,11,tempered_current_logits,0,-0.037915622691313426,0.001,0.25,keqingrl_rule_score_scale_v1,4,93,delta-topk-zero,0.16666666666666666,8,0.0,0.75,0
0.75,all,3,0.1917084416617518,1.25,reports/keqingrl_discard_research_20260425_candidates_checkpoint_rerun/configs/rerun_000_source_93/policy_final.pt,689ed3bc4eacbde87049309fe6a37182cffa1baa03338b8ed653ebab516854fc,0.2,"{""entropy_coef"":0.01,""lr"":3e-05,""opponent_mode"":""rulebase"",""rule_kl_coef"":0.01}",rulebase/rule_kl=0.01/entropy=0.01/lr=3e-05,reports/keqingrl_discard_research_20260425_candidates_checkpoint_rerun/configs/rerun_000_source_93/config.json,23,0.0,0.0,0.0,0.75,topk,5,0.01,0,0.0,3,0.003,7,rulebase,zero,2,16,tempered_current_logits,0,-0.0579839245132778,0.001,0.25,keqingrl_rule_score_scale_v1,5,93,delta-topk-zero,0.08695652173913043,8,0.0,0.75,0
0.75,all,3,0.6073776945471764,1.25,reports/keqingrl_discard_research_20260425_candidates_checkpoint_rerun/configs/rerun_000_source_93/policy_final.pt,689ed3bc4eacbde87049309fe6a37182cffa1baa03338b8ed653ebab516854fc,0.2,"{""entropy_coef"":0.01,""lr"":3e-05,""opponent_mode"":""rulebase"",""rule_kl_coef"":0.01}",rulebase/rule_kl=0.01/entropy=0.01/lr=3e-05,reports/keqingrl_discard_research_20260425_candidates_checkpoint_rerun/configs/rerun_000_source_93/config.json,20,0.0,0.0,0.0,0.75,topk,5,0.01,0,0.0,3,0.003,2,rulebase,zero,2,18,tempered_current_logits,0,0.3074943020939827,0.001,0.25,keqingrl_rule_score_scale_v1,6,93,delta-topk-zero,0.525,8,0.0,0.75,0
0.75,all,3,0.5526016687645632,1.25,reports/keqingrl_discard_research_20260425_candidates_checkpoint_rerun/configs/rerun_000_source_93/policy_final.pt,689ed3bc4eacbde87049309fe6a37182cffa1baa03338b8ed653ebab516854fc,0.2,"{""entropy_coef"":0.01,""lr"":3e-05,""opponent_mode"":""rulebase"",""rule_kl_coef"":0.01}",rulebase/rule_kl=0.01/entropy=0.01/lr=3e-05,reports/keqingrl_discard_research_20260425_candidates_checkpoint_rerun/configs/rerun_000_source_93/config.json,17,0.0,0.0,0.0,0.75,topk,5,0.01,0,0.0,3,0.003,2,rulebase,zero,2,15,tempered_current_logits,0,0.29069796905798073,0.001,0.25,keqingrl_rule_score_scale_v1,7,93,delta-topk-zero,0.5882352941176471,8,0.0,0.75,0
0.75,all,3,0.3777458571961948,1.25,reports/keqingrl_discard_research_20260425_candidates_checkpoint_rerun/configs/rerun_000_source_93/policy_final.pt,689ed3bc4eacbde87049309fe6a37182cffa1baa03338b8ed653ebab516854fc,0.2,"{""entropy_coef"":0.01,""lr"":3e-05,""opponent_mode"":""rulebase"",""rule_kl_coef"":0.01}",rulebase/rule_kl=0.01/entropy=0.01/lr=3e-05,reports/keqingrl_discard_research_20260425_candidates_checkpoint_rerun/configs/rerun_000_source_93/config.json,28,0.0,0.0,0.0,0.75,topk,5,0.01,0,0.0,3,0.003,7,rulebase,zero,2,21,tempered_current_logits,0,0.10915516476546015,0.001,0.25,keqingrl_rule_score_scale_v1,8,93,delta-topk-zero,0.26785714285714285,8,0.0,0.75,0
0.75,all,3,0.21957756578922272,1.25,reports/keqingrl_discard_research_20260425_candidates_checkpoint_rerun/configs/rerun_000_source_93/policy_final.pt,689ed3bc4eacbde87049309fe6a37182cffa1baa03338b8ed653ebab516854fc,0.2,"{""entropy_coef"":0.01,""lr"":3e-05,""opponent_mode"":""rulebase"",""rule_kl_coef"":0.01}",rulebase/rule_kl=0.01/entropy=0.01/lr=3e-05,reports/keqingrl_discard_research_20260425_candidates_checkpoint_rerun/configs/rerun_000_source_93/config.json,20,0.0,0.0,0.0,0.75,topk,5,0.01,0,0.0,3,0.003,5,rulebase,zero,2,15,tempered_current_logits,0,0.0012739531695842743,0.001,0.25,keqingrl_rule_score_scale_v1,9,93,delta-topk-zero,0.25,8,0.0,0.75,0
0.75,all,3,0.3902931639126369,1.25,reports/keqingrl_discard_research_20260425_candidates_checkpoint_rerun/configs/rerun_000_source_93/policy_final.pt,689ed3bc4eacbde87049309fe6a37182cffa1baa03338b8ed653ebab516854fc,0.2,"{""entropy_coef"":0.01,""lr"":3e-05,""opponent_mode"":""rulebase"",""rule_kl_coef"":0.01}",rulebase/rule_kl=0.01/entropy=0.01/lr=3e-05,reports/keqingrl_discard_research_20260425_candidates_checkpoint_rerun/configs/rerun_000_source_93/config.json,14,0.0,0.0,0.0,0.75,topk,5,0.01,0,0.0,3,0.003,4,rulebase,zero,2,10,tempered_current_logits,0,0.15383250159876688,0.001,0.25,keqingrl_rule_score_scale_v1,10,93,delta-topk-zero,0.25,8,0.0,0.75,0
0.75,all,3,0.45508992299437523,1.25,reports/keqingrl_discard_research_20260425_candidates_checkpoint_rerun/configs/rerun_000_source_93/policy_final.pt,689ed3bc4eacbde87049309fe6a37182cffa1baa03338b8ed653ebab516854fc,0.2,"{""entropy_coef"":0.01,""lr"":3e-05,""opponent_mode"":""rulebase"",""rule_kl_coef"":0.01}",rulebase/rule_kl=0.01/entropy=0.01/lr=3e-05,reports/keqingrl_discard_research_20260425_candidates_checkpoint_rerun/configs/rerun_000_source_93/config.json,16,0.0,0.0,0.0,0.75,topk,5,0.01,0,0.0,3,0.003,2,rulebase,zero,2,14,tempered_current_logits,0,0.2519724704325199,0.001,0.25,keqingrl_rule_score_scale_v1,11,93,delta-topk-zero,0.59375,8,0.0,0.75,0
0.75,all,3,0.5622311979532242,1.25,reports/keqingrl_discard_research_20260425_candidates_checkpoint_rerun/configs/rerun_000_source_93/policy_final.pt,689ed3bc4eacbde87049309fe6a37182cffa1baa03338b8ed653ebab516854fc,0.2,"{""entropy_coef"":0.01,""lr"":3e-05,""opponent_mode"":""rulebase"",""rule_kl_coef"":0.01}",rulebase/rule_kl=0.01/entropy=0.01/lr=3e-05,reports/keqingrl_discard_research_20260425_candidates_checkpoint_rerun/configs/rerun_000_source_93/config.json,7,0.0,0.0,0.0,0.75,topk,5,0.01,0,0.0,3,0.003,1,rulebase,zero,2,6,tempered_current_logits,0,0.2576676585844585,0.001,0.25,keqingrl_rule_score_scale_v1,12,93,delta-topk-zero,0.5714285714285714,8,0.0,0.75,0
0.75,all,3,0.2115115523338318,1.25,reports/keqingrl_discard_research_20260425_candidates_checkpoint_rerun/configs/rerun_000_source_93/policy_final.pt,689ed3bc4eacbde87049309fe6a37182cffa1baa03338b8ed653ebab516854fc,0.2,"{""entropy_coef"":0.01,""lr"":3e-05,""opponent_mode"":""rulebase"",""rule_kl_coef"":0.01}",rulebase/rule_kl=0.01/entropy=0.01/lr=3e-05,reports/keqingrl_discard_research_20260425_candidates_checkpoint_rerun/configs/rerun_000_source_93/config.json,3,0.0,0.0,0.0,0.75,topk,5,0.01,0,0.0,3,0.003,1,rulebase,zero,2,2,tempered_current_logits,0,0.04039726654688517,0.001,0.25,keqingrl_rule_score_scale_v1,13,93,delta-topk-zero,0.16666666666666666,8,0.0,0.75,0
0.75,all,3,0.7511248506605626,1.25,reports/keqingrl_discard_research_20260425_candidates_checkpoint_rerun/configs/rerun_000_source_93/policy_final.pt,689ed3bc4eacbde87049309fe6a37182cffa1baa03338b8ed653ebab516854fc,0.2,"{""entropy_coef"":0.01,""lr"":3e-05,""opponent_mode"":""rulebase"",""rule_kl_coef"":0.01}",rulebase/rule_kl=0.01/entropy=0.01/lr=3e-05,reports/keqingrl_discard_research_20260425_candidates_checkpoint_rerun/configs/rerun_000_source_93/config.json,25,0.0,0.0,0.0,0.75,topk,5,0.01,1,0.0,3,0.003,9,rulebase,zero,2,16,tempered_current_logits,0,-0.3140819609165192,0.001,0.25,keqingrl_rule_score_scale_v1,1,93,delta-topk-zero,0.16,8,0.0,0.75,0
0.75,all,3,0.901309358385893,1.25,reports/keqingrl_discard_research_20260425_candidates_checkpoint_rerun/configs/rerun_000_source_93/policy_final.pt,689ed3bc4eacbde87049309fe6a37182cffa1baa03338b8ed653ebab516854fc,0.2,"{""entropy_coef"":0.01,""lr"":3e-05,""opponent_mode"":""rulebase"",""rule_kl_coef"":0.01}",rulebase/rule_kl=0.01/entropy=0.01/lr=3e-05,reports/keqingrl_discard_research_20260425_candidates_checkpoint_rerun/configs/rerun_000_source_93/config.json,13,0.0,0.0,0.0,0.75,topk,5,0.01,1,0.0,3,0.003,5,rulebase,zero,2,8,tempered_current_logits,0,-0.3210479662968562,0.001,0.25,keqingrl_rule_score_scale_v1,2,93,delta-topk-zero,-0.038461538461538464,8,0.0,0.75,0
0.75,all,3,0.3899892726508172,1.25,reports/keqingrl_discard_research_20260425_candidates_checkpoint_rerun/configs/rerun_000_source_93/policy_final.pt,689ed3bc4eacbde87049309fe6a37182cffa1baa03338b8ed653ebab516854fc,0.2,"{""entropy_coef"":0.01,""lr"":3e-05,""opponent_mode"":""rulebase"",""rule_kl_coef"":0.01}",rulebase/rule_kl=0.01/entropy=0.01/lr=3e-05,reports/keqingrl_discard_research_20260425_candidates_checkpoint_rerun/configs/rerun_000_source_93/config.json,23,0.0,0.0,0.0,0.75,topk,5,0.01,1,0.0,3,0.003,11,rulebase,zero,2,12,tempered_current_logits,0,-0.5667070746421814,0.001,0.25,keqingrl_rule_score_scale_v1,3,93,delta-topk-zero,-0.2391304347826087,8,0.0,0.75,0
0.75,all,3,0.60671920562163,1.25,reports/keqingrl_discard_research_20260425_candidates_checkpoint_rerun/configs/rerun_000_source_93/policy_final.pt,689ed3bc4eacbde87049309fe6a37182cffa1baa03338b8ed653ebab516854fc,0.2,"{""entropy_coef"":0.01,""lr"":3e-05,""opponent_mode"":""rulebase"",""rule_kl_coef"":0.01}",rulebase/rule_kl=0.01/entropy=0.01/lr=3e-05,reports/keqingrl_discard_research_20260425_candidates_checkpoint_rerun/configs/rerun_000_source_93/config.json,16,0.0,0.0,0.0,0.75,topk,5,0.01,1,0.0,3,0.003,5,rulebase,zero,2,11,tempered_current_logits,0,-0.43304408248513937,0.001,0.25,keqingrl_rule_score_scale_v1,4,93,delta-topk-zero,0.03125,8,0.0,0.75,0
0.75,all,3,0.4342097152462777,1.25,reports/keqingrl_discard_research_20260425_candidates_checkpoint_rerun/configs/rerun_000_source_93/policy_final.pt,689ed3bc4eacbde87049309fe6a37182cffa1baa03338b8ed653ebab516854fc,0.2,"{""entropy_coef"":0.01,""lr"":3e-05,""opponent_mode"":""rulebase"",""rule_kl_coef"":0.01}",rulebase/rule_kl=0.01/entropy=0.01/lr=3e-05,reports/keqingrl_discard_research_20260425_candidates_checkpoint_rerun/configs/rerun_000_source_93/config.json,17,0.0,0.0,0.0,0.75,topk,5,0.01,1,0.0,3,0.003,10,rulebase,zero,2,7,tempered_current_logits,0,-0.6472399655510398,0.001,0.25,keqingrl_rule_score_scale_v1,5,93,delta-topk-zero,-0.4117647058823529,8,0.0,0.75,0
0.75,all,3,0.6458071435255737,1.25,reports/keqingrl_discard_research_20260425_candidates_checkpoint_rerun/configs/rerun_000_source_93/policy_final.pt,689ed3bc4eacbde87049309fe6a37182cffa1baa03338b8ed653ebab516854fc,0.2,"{""entropy_coef"":0.01,""lr"":3e-05,""opponent_mode"":""rulebase"",""rule_kl_coef"":0.01}",rulebase/rule_kl=0.01/entropy=0.01/lr=3e-05,reports/keqingrl_discard_research_20260425_candidates_checkpoint_rerun/configs/rerun_000_source_93/config.json,29,0.0,0.0,0.0,0.75,topk,5,0.01,1,0.0,3,0.003,9,rulebase,zero,2,20,tempered_current_logits,0,-0.4823187492017088,0.001,0.25,keqingrl_rule_score_scale_v1,6,93,delta-topk-zero,0.0,8,0.0,0.75,0
0.75,all,3,0.5747955022379756,1.25,reports/keqingrl_discard_research_20260425_candidates_checkpoint_rerun/configs/rerun_000_source_93/policy_final.pt,689ed3bc4eacbde87049309fe6a37182cffa1baa03338b8ed653ebab516854fc,0.2,"{""entropy_coef"":0.01,""lr"":3e-05,""opponent_mode"":""rulebase"",""rule_kl_coef"":0.01}",rulebase/rule_kl=0.01/entropy=0.01/lr=3e-05,reports/keqingrl_discard_research_20260425_candidates_checkpoint_rerun/configs/rerun_000_source_93/config.json,16,0.0,0.0,0.0,0.75,topk,5,0.01,1,0.0,3,0.003,5,rulebase,zero,2,11,tempered_current_logits,0,-0.3834358751773834,0.001,0.25,keqingrl_rule_score_scale_v1,7,93,delta-topk-zero,0.03125,8,0.0,0.75,0
0.75,all,3,0.926587720712026,1.25,reports/keqingrl_discard_research_20260425_candidates_checkpoint_rerun/configs/rerun_000_source_93/policy_final.pt,689ed3bc4eacbde87049309fe6a37182cffa1baa03338b8ed653ebab516854fc,0.2,"{""entropy_coef"":0.01,""lr"":3e-05,""opponent_mode"":""rulebase"",""rule_kl_coef"":0.01}",rulebase/rule_kl=0.01/entropy=0.01/lr=3e-05,reports/keqingrl_discard_research_20260425_candidates_checkpoint_rerun/configs/rerun_000_source_93/config.json,12,0.0,0.0,0.0,0.75,topk,5,0.01,1,0.0,3,0.003,2,rulebase,zero,2,10,tempered_current_logits,0,-0.2350554714600245,0.001,0.25,keqingrl_rule_score_scale_v1,8,93,delta-topk-zero,0.25,8,0.0,0.75,0
0.75,all,3,0.5571965838058127,1.25,reports/keqingrl_discard_research_20260425_candidates_checkpoint_rerun/configs/rerun_000_source_93/policy_final.pt,689ed3bc4eacbde87049309fe6a37182cffa1baa03338b8ed653ebab516854fc,0.2,"{""entropy_coef"":0.01,""lr"":3e-05,""opponent_mode"":""rulebase"",""rule_kl_coef"":0.01}",rulebase/rule_kl=0.01/entropy=0.01/lr=3e-05,reports/keqingrl_discard_research_20260425_candidates_checkpoint_rerun/configs/rerun_000_source_93/config.json,27,0.0,0.0,0.0,0.75,topk,5,0.01,1,0.0,3,0.003,9,rulebase,zero,2,18,tempered_current_logits,0,-0.4999155645017271,0.001,0.25,keqingrl_rule_score_scale_v1,9,93,delta-topk-zero,-0.07407407407407407,8,0.0,0.75,0
0.75,all,3,0.860231103170463,1.25,reports/keqingrl_discard_research_20260425_candidates_checkpoint_rerun/configs/rerun_000_source_93/policy_final.pt,689ed3bc4eacbde87049309fe6a37182cffa1baa03338b8ed653ebab516854fc,0.2,"{""entropy_coef"":0.01,""lr"":3e-05,""opponent_mode"":""rulebase"",""rule_kl_coef"":0.01}",rulebase/rule_kl=0.01/entropy=0.01/lr=3e-05,reports/keqingrl_discard_research_20260425_candidates_checkpoint_rerun/configs/rerun_000_source_93/config.json,16,0.0,0.0,0.0,0.75,topk,5,0.01,1,0.0,3,0.003,2,rulebase,zero,2,14,tempered_current_logits,0,-0.41496081463992596,0.001,0.25,keqingrl_rule_score_scale_v1,10,93,delta-topk-zero,0.03125,8,0.0,0.75,0
0.75,all,3,0.7493144097296816,1.25,reports/keqingrl_discard_research_20260425_candidates_checkpoint_rerun/configs/rerun_000_source_93/policy_final.pt,689ed3bc4eacbde87049309fe6a37182cffa1baa03338b8ed653ebab516854fc,0.2,"{""entropy_coef"":0.01,""lr"":3e-05,""opponent_mode"":""rulebase"",""rule_kl_coef"":0.01}",rulebase/rule_kl=0.01/entropy=0.01/lr=3e-05,reports/keqingrl_discard_research_20260425_candidates_checkpoint_rerun/configs/rerun_000_source_93/config.json,19,0.0,0.0,0.0,0.75,topk,5,0.01,1,0.0,3,0.003,7,rulebase,zero,2,12,tempered_current_logits,0,-0.4130337771616484,0.001,0.25,keqingrl_rule_score_scale_v1,11,93,delta-topk-zero,-0.02631578947368421,8,0.0,0.75,0
0.75,all,3,0.9356216728687287,1.25,reports/keqingrl_discard_research_20260425_candidates_checkpoint_rerun/configs/rerun_000_source_93/policy_final.pt,689ed3bc4eacbde87049309fe6a37182cffa1baa03338b8ed653ebab516854fc,0.2,"{""entropy_coef"":0.01,""lr"":3e-05,""opponent_mode"":""rulebase"",""rule_kl_coef"":0.01}",rulebase/rule_kl=0.01/entropy=0.01/lr=3e-05,reports/keqingrl_discard_research_20260425_candidates_checkpoint_rerun/configs/rerun_000_source_93/config.json,10,0.0,0.0,0.0,0.75,topk,5,0.01,1,0.0,3,0.003,2,rulebase,zero,2,8,tempered_current_logits,0,-0.13394842743873597,0.001,0.25,keqingrl_rule_score_scale_v1,12,93,delta-topk-zero,0.45,8,0.0,0.75,0
0.75,all,3,-0.683929443359375,1.25,reports/keqingrl_discard_research_20260425_candidates_checkpoint_rerun/configs/rerun_000_source_93/policy_final.pt,689ed3bc4eacbde87049309fe6a37182cffa1baa03338b8ed653ebab516854fc,0.2,"{""entropy_coef"":0.01,""lr"":3e-05,""opponent_mode"":""rulebase"",""rule_kl_coef"":0.01}",rulebase/rule_kl=0.01/entropy=0.01/lr=3e-05,reports/keqingrl_discard_research_20260425_candidates_checkpoint_rerun/configs/rerun_000_source_93/config.json,1,0.0,0.0,0.0,0.75,topk,5,0.01,1,0.0,3,0.003,1,rulebase,zero,2,0,tempered_current_logits,0,-1.3697750568389893,0.001,0.25,keqingrl_rule_score_scale_v1,13,93,delta-topk-zero,-1.5,8,0.0,0.75,0
0.75,all,3,-0.6740066409111023,1.25,reports/keqingrl_discard_research_20260425_candidates_checkpoint_rerun/configs/rerun_000_source_93/policy_final.pt,689ed3bc4eacbde87049309fe6a37182cffa1baa03338b8ed653ebab516854fc,0.2,"{""entropy_coef"":0.01,""lr"":3e-05,""opponent_mode"":""rulebase"",""rule_kl_coef"":0.01}",rulebase/rule_kl=0.01/entropy=0.01/lr=3e-05,reports/keqingrl_discard_research_20260425_candidates_checkpoint_rerun/configs/rerun_000_source_93/config.json,1,0.0,0.0,0.0,0.75,topk,5,0.01,1,0.0,3,0.003,1,rulebase,zero,2,0,tempered_current_logits,0,-1.418900966644287,0.001,0.25,keqingrl_rule_score_scale_v1,14,93,delta-topk-zero,-1.5,8,0.0,0.75,0
0.75,all,3,0.1289674480756124,1.25,reports/keqingrl_discard_research_20260425_candidates_checkpoint_rerun/configs/rerun_000_source_93/policy_final.pt,689ed3bc4eacbde87049309fe6a37182cffa1baa03338b8ed653ebab516854fc,0.2,"{""entropy_coef"":0.01,""lr"":3e-05,""opponent_mode"":""rulebase"",""rule_kl_coef"":0.01}",rulebase/rule_kl=0.01/entropy=0.01/lr=3e-05,reports/keqingrl_discard_research_20260425_candidates_checkpoint_rerun/configs/rerun_000_source_93/config.json,30,0.0,0.0,0.0,0.75,topk,5,0.01,2,0.0,3,0.003,16,rulebase,zero,2,14,tempered_current_logits,0,-0.5676183318098386,0.001,0.25,keqingrl_rule_score_scale_v1,1,93,delta-topk-zero,-0.36666666666666664,8,0.0,0.75,0
0.75,all,3,0.013551380146633495,1.25,reports/keqingrl_discard_research_20260425_candidates_checkpoint_rerun/configs/rerun_000_source_93/policy_final.pt,689ed3bc4eacbde87049309fe6a37182cffa1baa03338b8ed653ebab516854fc,0.2,"{""entropy_coef"":0.01,""lr"":3e-05,""opponent_mode"":""rulebase"",""rule_kl_coef"":0.01}",rulebase/rule_kl=0.01/entropy=0.01/lr=3e-05,reports/keqingrl_discard_research_20260425_candidates_checkpoint_rerun/configs/rerun_000_source_93/config.json,22,0.0,0.0,0.0,0.75,topk,5,0.01,2,0.0,3,0.003,13,rulebase,zero,2,9,tempered_current_logits,0,-0.6247829415581443,0.001,0.25,keqingrl_rule_score_scale_v1,2,93,delta-topk-zero,-0.5681818181818182,8,0.0,0.75,0
0.75,all,3,-0.042016520102818804,1.25,reports/keqingrl_discard_research_20260425_candidates_checkpoint_rerun/configs/rerun_000_source_93/policy_final.pt,689ed3bc4eacbde87049309fe6a37182cffa1baa03338b8ed653ebab516854fc,0.2,"{""entropy_coef"":0.01,""lr"":3e-05,""opponent_mode"":""rulebase"",""rule_kl_coef"":0.01}",rulebase/rule_kl=0.01/entropy=0.01/lr=3e-05,reports/keqingrl_discard_research_20260425_candidates_checkpoint_rerun/configs/rerun_000_source_93/config.json,15,0.0,0.0,0.0,0.75,topk,5,0.01,2,0.0,3,0.003,10,rulebase,zero,2,5,tempered_current_logits,0,-0.745869509379069,0.001,0.25,keqingrl_rule_score_scale_v1,3,93,delta-topk-zero,-0.7333333333333333,8,0.0,0.75,0
0.75,all,3,0.05696114214758078,1.25,reports/keqingrl_discard_research_20260425_candidates_checkpoint_rerun/configs/rerun_000_source_93/policy_final.pt,689ed3bc4eacbde87049309fe6a37182cffa1baa03338b8ed653ebab516854fc,0.2,"{""entropy_coef"":0.01,""lr"":3e-05,""opponent_mode"":""rulebase"",""rule_kl_coef"":0.01}",rulebase/rule_kl=0.01/entropy=0.01/lr=3e-05,reports/keqingrl_discard_research_20260425_candidates_checkpoint_rerun/configs/rerun_000_source_93/config.json,24,0.0,0.0,0.0,0.75,topk,5,0.01,2,0.0,3,0.003,14,rulebase,zero,2,10,tempered_current_logits,0,-0.6142256228874127,0.001,0.25,keqingrl_rule_score_scale_v1,4,93,delta-topk-zero,-0.5208333333333334,8,0.0,0.75,0
0.75,all,3,0.16069756093479337,1.25,reports/keqingrl_discard_research_20260425_candidates_checkpoint_rerun/configs/rerun_000_source_93/policy_final.pt,689ed3bc4eacbde87049309fe6a37182cffa1baa03338b8ed653ebab516854fc,0.2,"{""entropy_coef"":0.01,""lr"":3e-05,""opponent_mode"":""rulebase"",""rule_kl_coef"":0.01}",rulebase/rule_kl=0.01/entropy=0.01/lr=3e-05,reports/keqingrl_discard_research_20260425_candidates_checkpoint_rerun/configs/rerun_000_source_93/config.json,21,0.0,0.0,0.0,0.75,topk,5,0.01,2,0.0,3,0.003,11,rulebase,zero,2,10,tempered_current_logits,0,-0.49700452316375004,0.001,0.25,keqingrl_rule_score_scale_v1,5,93,delta-topk-zero,-0.42857142857142855,8,0.0,0.75,0
0.75,all,3,0.0365807125250713,1.25,reports/keqingrl_discard_research_20260425_candidates_checkpoint_rerun/configs/rerun_000_source_93/policy_final.pt,689ed3bc4eacbde87049309fe6a37182cffa1baa03338b8ed653ebab516854fc,0.2,"{""entropy_coef"":0.01,""lr"":3e-05,""opponent_mode"":""rulebase"",""rule_kl_coef"":0.01}",rulebase/rule_kl=0.01/entropy=0.01/lr=3e-05,reports/keqingrl_discard_research_20260425_candidates_checkpoint_rerun/configs/rerun_000_source_93/config.json,17,0.0,0.0,0.0,0.75,topk,5,0.01,2,0.0,3,0.003,10,rulebase,zero,2,7,tempered_current_logits,0,-0.5075899629908449,0.001,0.25,keqingrl_rule_score_scale_v1,6,93,delta-topk-zero,-0.4117647058823529,8,0.0,0.75,0
0.75,all,3,0.23262889534235,1.25,reports/keqingrl_discard_research_20260425_candidates_checkpoint_rerun/configs/rerun_000_source_93/policy_final.pt,689ed3bc4eacbde87049309fe6a37182cffa1baa03338b8ed653ebab516854fc,0.2,"{""entropy_coef"":0.01,""lr"":3e-05,""opponent_mode"":""rulebase"",""rule_kl_coef"":0.01}",rulebase/rule_kl=0.01/entropy=0.01/lr=3e-05,reports/keqingrl_discard_research_20260425_candidates_checkpoint_rerun/configs/rerun_000_source_93/config.json,20,0.0,0.0,0.0,0.75,topk,5,0.01,2,0.0,3,0.003,10,rulebase,zero,2,10,tempered_current_logits,0,-0.4451005607843399,0.001,0.25,keqingrl_rule_score_scale_v1,7,93,delta-topk-zero,-0.35,8,0.0,0.75,0
0.75,all,3,-0.012941653911884014,1.25,reports/keqingrl_discard_research_20260425_candidates_checkpoint_rerun/configs/rerun_000_source_93/policy_final.pt,689ed3bc4eacbde87049309fe6a37182cffa1baa03338b8ed653ebab516854fc,0.2,"{""entropy_coef"":0.01,""lr"":3e-05,""opponent_mode"":""rulebase"",""rule_kl_coef"":0.01}",rulebase/rule_kl=0.01/entropy=0.01/lr=3e-05,reports/keqingrl_discard_research_20260425_candidates_checkpoint_rerun/configs/rerun_000_source_93/config.json,13,0.0,0.0,0.0,0.75,topk,5,0.01,2,0.0,3,0.003,8,rulebase,zero,2,5,tempered_current_logits,0,-0.7281433894084051,0.001,0.25,keqingrl_rule_score_scale_v1,8,93,delta-topk-zero,-0.5769230769230769,8,0.0,0.75,0
0.75,all,3,-0.0031795244792412066,1.25,reports/keqingrl_discard_research_20260425_candidates_checkpoint_rerun/configs/rerun_000_source_93/policy_final.pt,689ed3bc4eacbde87049309fe6a37182cffa1baa03338b8ed653ebab516854fc,0.2,"{""entropy_coef"":0.01,""lr"":3e-05,""opponent_mode"":""rulebase"",""rule_kl_coef"":0.01}",rulebase/rule_kl=0.01/entropy=0.01/lr=3e-05,reports/keqingrl_discard_research_20260425_candidates_checkpoint_rerun/configs/rerun_000_source_93/config.json,29,0.0,0.0,0.0,0.75,topk,5,0.01,2,0.0,3,0.003,18,rulebase,zero,2,11,tempered_current_logits,0,-0.700907119389238,0.001,0.25,keqingrl_rule_score_scale_v1,9,93,delta-topk-zero,-0.5689655172413793,8,0.0,0.75,0
0.75,all,3,0.5987370349466801,1.25,reports/keqingrl_discard_research_20260425_candidates_checkpoint_rerun/configs/rerun_000_source_93/policy_final.pt,689ed3bc4eacbde87049309fe6a37182cffa1baa03338b8ed653ebab516854fc,0.2,"{""entropy_coef"":0.01,""lr"":3e-05,""opponent_mode"":""rulebase"",""rule_kl_coef"":0.01}",rulebase/rule_kl=0.01/entropy=0.01/lr=3e-05,reports/keqingrl_discard_research_20260425_candidates_checkpoint_rerun/configs/rerun_000_source_93/config.json,16,0.0,0.0,0.0,0.75,topk,5,0.01,2,0.0,3,0.003,5,rulebase,zero,2,11,tempered_current_logits,0,-0.11098696663975716,0.001,0.25,keqingrl_rule_score_scale_v1,10,93,delta-topk-zero,0.03125,8,0.0,0.75,0
0.75,all,3,0.010982722043991089,1.25,reports/keqingrl_discard_research_20260425_candidates_checkpoint_rerun/configs/rerun_000_source_93/policy_final.pt,689ed3bc4eacbde87049309fe6a37182cffa1baa03338b8ed653ebab516854fc,0.2,"{""entropy_coef"":0.01,""lr"":3e-05,""opponent_mode"":""rulebase"",""rule_kl_coef"":0.01}",rulebase/rule_kl=0.01/entropy=0.01/lr=3e-05,reports/keqingrl_discard_research_20260425_candidates_checkpoint_rerun/configs/rerun_000_source_93/config.json,20,0.0,0.0,0.0,0.75,topk,5,0.01,2,0.0,3,0.003,11,rulebase,zero,2,9,tempered_current_logits,0,-0.6745478928089141,0.001,0.25,keqingrl_rule_score_scale_v1,11,93,delta-topk-zero,-0.45,8,0.0,0.75,0
0.75,all,3,0.22073586923735483,1.25,reports/keqingrl_discard_research_20260425_candidates_checkpoint_rerun/configs/rerun_000_source_93/policy_final.pt,689ed3bc4eacbde87049309fe6a37182cffa1baa03338b8ed653ebab516854fc,0.2,"{""entropy_coef"":0.01,""lr"":3e-05,""opponent_mode"":""rulebase"",""rule_kl_coef"":0.01}",rulebase/rule_kl=0.01/entropy=0.01/lr=3e-05,reports/keqingrl_discard_research_20260425_candidates_checkpoint_rerun/configs/rerun_000_source_93/config.json,14,0.0,0.0,0.0,0.75,topk,5,0.01,2,0.0,3,0.003,7,rulebase,zero,2,7,tempered_current_logits,0,-0.47474469244480133,0.001,0.25,keqingrl_rule_score_scale_v1,12,93,delta-topk-zero,-0.35714285714285715,8,0.0,0.75,0
0.75,all,3,-0.7496085166931152,1.25,reports/keqingrl_discard_research_20260425_candidates_checkpoint_rerun/configs/rerun_000_source_93/policy_final.pt,689ed3bc4eacbde87049309fe6a37182cffa1baa03338b8ed653ebab516854fc,0.2,"{""entropy_coef"":0.01,""lr"":3e-05,""opponent_mode"":""rulebase"",""rule_kl_coef"":0.01}",rulebase/rule_kl=0.01/entropy=0.01/lr=3e-05,reports/keqingrl_discard_research_20260425_candidates_checkpoint_rerun/configs/rerun_000_source_93/config.json,4,0.0,0.0,0.0,0.75,topk,5,0.01,2,0.0,3,0.003,4,rulebase,zero,2,0,tempered_current_logits,0,-1.1599532663822174,0.001,0.25,keqingrl_rule_score_scale_v1,13,93,delta-topk-zero,-1.5,8,0.0,0.75,0
0.75,all,3,-0.8915292620658875,1.25,reports/keqingrl_discard_research_20260425_candidates_checkpoint_rerun/configs/rerun_000_source_93/policy_final.pt,689ed3bc4eacbde87049309fe6a37182cffa1baa03338b8ed653ebab516854fc,0.2,"{""entropy_coef"":0.01,""lr"":3e-05,""opponent_mode"":""rulebase"",""rule_kl_coef"":0.01}",rulebase/rule_kl=0.01/entropy=0.01/lr=3e-05,reports/keqingrl_discard_research_20260425_candidates_checkpoint_rerun/configs/rerun_000_source_93/config.json,1,0.0,0.0,0.0,0.75,topk,5,0.01,2,0.0,3,0.003,1,rulebase,zero,2,0,tempered_current_logits,0,-1.1134757995605469,0.001,0.25,keqingrl_rule_score_scale_v1,14,93,delta-topk-zero,-1.5,8,0.0,0.75,0
0.75,all,3,0.26366356135618807,1.25,reports/keqingrl_discard_research_20260425_candidates_checkpoint_rerun/configs/rerun_000_source_93/policy_final.pt,689ed3bc4eacbde87049309fe6a37182cffa1baa03338b8ed653ebab516854fc,0.2,"{""entropy_coef"":0.01,""lr"":3e-05,""opponent_mode"":""rulebase"",""rule_kl_coef"":0.01}",rulebase/rule_kl=0.01/entropy=0.01/lr=3e-05,reports/keqingrl_discard_research_20260425_candidates_checkpoint_rerun/configs/rerun_000_source_93/config.json,99,0.0,0.0,0.0,0.75,topk,3,0.01,0,0.0,3,0.003,26,rulebase,zero,3,73,tempered_current_logits,0,-0.005909293438449051,0.001,0.25,keqingrl_rule_score_scale_v1,1,93,support-only-topk,0.1414141414141414,8,0.0,0.75,0
0.75,all,3,-0.03128739677626511,1.25,reports/keqingrl_discard_research_20260425_candidates_checkpoint_rerun/configs/rerun_000_source_93/policy_final.pt,689ed3bc4eacbde87049309fe6a37182cffa1baa03338b8ed653ebab516854fc,0.2,"{""entropy_coef"":0.01,""lr"":3e-05,""opponent_mode"":""rulebase"",""rule_kl_coef"":0.01}",rulebase/rule_kl=0.01/entropy=0.01/lr=3e-05,reports/keqingrl_discard_research_20260425_candidates_checkpoint_rerun/configs/rerun_000_source_93/config.json,58,0.0,0.0,0.0,0.75,topk,3,0.01,0,0.0,3,0.003,26,rulebase,zero,3,32,tempered_current_logits,0,-0.3110360209027241,0.001,0.25,keqingrl_rule_score_scale_v1,2,93,support-only-topk,-0.23275862068965517,8,0.0,0.75,0
0.75,all,3,0.07385656699328355,1.25,reports/keqingrl_discard_research_20260425_candidates_checkpoint_rerun/configs/rerun_000_source_93/policy_final.pt,689ed3bc4eacbde87049309fe6a37182cffa1baa03338b8ed653ebab516854fc,0.2,"{""entropy_coef"":0.01,""lr"":3e-05,""opponent_mode"":""rulebase"",""rule_kl_coef"":0.01}",rulebase/rule_kl=0.01/entropy=0.01/lr=3e-05,reports/keqingrl_discard_research_20260425_candidates_checkpoint_rerun/configs/rerun_000_source_93/config.json,71,0.0,0.0,0.0,0.75,topk,3,0.01,0,0.0,3,0.003,27,rulebase,zero,3,44,tempered_current_logits,0,-0.18984717886212846,0.001,0.25,keqingrl_rule_score_scale_v1,3,93,support-only-topk,-0.11971830985915492,8,0.0,0.75,0
0.75,all,3,0.5656428229028605,1.25,reports/keqingrl_discard_research_20260425_candidates_checkpoint_rerun/configs/rerun_000_source_93/policy_final.pt,689ed3bc4eacbde87049309fe6a37182cffa1baa03338b8ed653ebab516854fc,0.2,"{""entropy_coef"":0.01,""lr"":3e-05,""opponent_mode"":""rulebase"",""rule_kl_coef"":0.01}",rulebase/rule_kl=0.01/entropy=0.01/lr=3e-05,reports/keqingrl_discard_research_20260425_candidates_checkpoint_rerun/configs/rerun_000_source_93/config.json,106,0.0,0.0,0.0,0.75,topk,3,0.01,1,0.0,3,0.003,38,rulebase,zero,3,68,tempered_current_logits,0,-0.7719554372553555,0.001,0.25,keqingrl_rule_score_scale_v1,1,93,support-only-topk,-0.46226415094339623,8,0.0,0.75,0
0.75,all,3,0.5997391002397139,1.25,reports/keqingrl_discard_research_20260425_candidates_checkpoint_rerun/configs/rerun_000_source_93/policy_final.pt,689ed3bc4eacbde87049309fe6a37182cffa1baa03338b8ed653ebab516854fc,0.2,"{""entropy_coef"":0.01,""lr"":3e-05,""opponent_mode"":""rulebase"",""rule_kl_coef"":0.01}",rulebase/rule_kl=0.01/entropy=0.01/lr=3e-05,reports/keqingrl_discard_research_20260425_candidates_checkpoint_rerun/configs/rerun_000_source_93/config.json,54,0.0,0.0,0.0,0.75,topk,3,0.01,1,0.0,3,0.003,19,rulebase,zero,3,35,tempered_current_logits,0,-0.7001067609698685,0.001,0.25,keqingrl_rule_score_scale_v1,2,93,support-only-topk,-0.3148148148148148,8,0.0,0.75,0
0.75,all,3,0.5014767075972214,1.25,reports/keqingrl_discard_research_20260425_candidates_checkpoint_rerun/configs/rerun_000_source_93/policy_final.pt,689ed3bc4eacbde87049309fe6a37182cffa1baa03338b8ed653ebab516854fc,0.2,"{""entropy_coef"":0.01,""lr"":3e-05,""opponent_mode"":""rulebase"",""rule_kl_coef"":0.01}",rulebase/rule_kl=0.01/entropy=0.01/lr=3e-05,reports/keqingrl_discard_research_20260425_candidates_checkpoint_rerun/configs/rerun_000_source_93/config.json,67,0.0,0.0,0.0,0.75,topk,3,0.01,1,0.0,3,0.003,26,rulebase,zero,3,41,tempered_current_logits,0,-0.8327658016290238,0.001,0.25,keqingrl_rule_score_scale_v1,3,93,support-only-topk,-0.4701492537313433,8,0.0,0.75,0
0.75,all,3,0.4820570507374506,1.25,reports/keqingrl_discard_research_20260425_candidates_checkpoint_rerun/configs/rerun_000_source_93/policy_final.pt,689ed3bc4eacbde87049309fe6a37182cffa1baa03338b8ed653ebab516854fc,0.2,"{""entropy_coef"":0.01,""lr"":3e-05,""opponent_mode"":""rulebase"",""rule_kl_coef"":0.01}",rulebase/rule_kl=0.01/entropy=0.01/lr=3e-05,reports/keqingrl_discard_research_20260425_candidates_checkpoint_rerun/configs/rerun_000_source_93/config.json,112,0.0,0.0,0.0,0.75,topk,3,0.01,2,0.0,3,0.003,49,rulebase,zero,3,63,tempered_current_logits,0,-0.5224265654438308,0.001,0.25,keqingrl_rule_score_scale_v1,1,93,support-only-topk,-0.23214285714285715,8,0.0,0.75,0
0.75,all,3,0.3785749557328985,1.25,reports/keqingrl_discard_research_20260425_candidates_checkpoint_rerun/configs/rerun_000_source_93/policy_final.pt,689ed3bc4eacbde87049309fe6a37182cffa1baa03338b8ed653ebab516854fc,0.2,"{""entropy_coef"":0.01,""lr"":3e-05,""opponent_mode"":""rulebase"",""rule_kl_coef"":0.01}",rulebase/rule_kl=0.01/entropy=0.01/lr=3e-05,reports/keqingrl_discard_research_20260425_candidates_checkpoint_rerun/configs/rerun_000_source_93/config.json,47,0.0,0.0,0.0,0.75,topk,3,0.01,2,0.0,3,0.003,21,rulebase,zero,3,26,tempered_current_logits,0,-0.5482976839263388,0.001,0.25,keqingrl_rule_score_scale_v1,2,93,support-only-topk,-0.1702127659574468,8,0.0,0.75,0
0.75,all,3,0.4104570035290505,1.25,reports/keqingrl_discard_research_20260425_candidates_checkpoint_rerun/configs/rerun_000_source_93/policy_final.pt,689ed3bc4eacbde87049309fe6a37182cffa1baa03338b8ed653ebab516854fc,0.2,"{""entropy_coef"":0.01,""lr"":3e-05,""opponent_mode"":""rulebase"",""rule_kl_coef"":0.01}",rulebase/rule_kl=0.01/entropy=0.01/lr=3e-05,reports/keqingrl_discard_research_20260425_candidates_checkpoint_rerun/configs/rerun_000_source_93/config.json,56,0.0,0.0,0.0,0.75,topk,3,0.01,2,0.0,3,0.003,27,rulebase,zero,3,29,tempered_current_logits,0,-0.5509493084890502,0.001,0.25,keqingrl_rule_score_scale_v1,3,93,support-only-topk,-0.2767857142857143,8,0.0,0.75,0
0.75,all,3,0.1066703618061347,1.25,reports/keqingrl_discard_research_20260425_candidates_checkpoint_rerun/configs/rerun_000_source_93/policy_final.pt,689ed3bc4eacbde87049309fe6a37182cffa1baa03338b8ed653ebab516854fc,0.2,"{""entropy_coef"":0.01,""lr"":3e-05,""opponent_mode"":""rulebase"",""rule_kl_coef"":0.01}",rulebase/rule_kl=0.01/entropy=0.01/lr=3e-05,reports/keqingrl_discard_research_20260425_candidates_checkpoint_rerun/configs/rerun_000_source_93/config.json,61,0.0,0.0,0.0,0.75,topk,5,0.01,0,0.0,3,0.003,23,rulebase,zero,4,38,tempered_current_logits,0,-0.1518493245859615,0.001,0.25,keqingrl_rule_score_scale_v1,1,93,support-only-topk,-0.13114754098360656,8,0.0,0.75,0
0.75,all,3,0.0890473474045189,1.25,reports/keqingrl_discard_research_20260425_candidates_checkpoint_rerun/configs/rerun_000_source_93/policy_final.pt,689ed3bc4eacbde87049309fe6a37182cffa1baa03338b8ed653ebab516854fc,0.2,"{""entropy_coef"":0.01,""lr"":3e-05,""opponent_mode"":""rulebase"",""rule_kl_coef"":0.01}",rulebase/rule_kl=0.01/entropy=0.01/lr=3e-05,reports/keqingrl_discard_research_20260425_candidates_checkpoint_rerun/configs/rerun_000_source_93/config.json,49,0.0,0.0,0.0,0.75,topk,5,0.01,0,0.0,3,0.003,20,rulebase,zero,4,29,tempered_current_logits,0,-0.19390994006273699,0.001,0.25,keqingrl_rule_score_scale_v1,2,93,support-only-topk,-0.14285714285714285,8,0.0,0.75,0
0.75,all,3,0.07407218217849731,1.25,reports/keqingrl_discard_research_20260425_candidates_checkpoint_rerun/configs/rerun_000_source_93/policy_final.pt,689ed3bc4eacbde87049309fe6a37182cffa1baa03338b8ed653ebab516854fc,0.2,"{""entropy_coef"":0.01,""lr"":3e-05,""opponent_mode"":""rulebase"",""rule_kl_coef"":0.01}",rulebase/rule_kl=0.01/entropy=0.01/lr=3e-05,reports/keqingrl_discard_research_20260425_candidates_checkpoint_rerun/configs/rerun_000_source_93/config.json,31,0.0,0.0,0.0,0.75,topk,5,0.01,0,0.0,3,0.003,11,rulebase,zero,4,20,tempered_current_logits,0,-0.1678007658450834,0.001,0.25,keqingrl_rule_score_scale_v1,3,93,support-only-topk,0.0,8,0.0,0.75,0
0.75,all,3,0.12851333133009976,1.25,reports/keqingrl_discard_research_20260425_candidates_checkpoint_rerun/configs/rerun_000_source_93/policy_final.pt,689ed3bc4eacbde87049309fe6a37182cffa1baa03338b8ed653ebab516854fc,0.2,"{""entropy_coef"":0.01,""lr"":3e-05,""opponent_mode"":""rulebase"",""rule_kl_coef"":0.01}",rulebase/rule_kl=0.01/entropy=0.01/lr=3e-05,reports/keqingrl_discard_research_20260425_candidates_checkpoint_rerun/configs/rerun_000_source_93/config.json,43,0.0,0.0,0.0,0.75,topk,5,0.01,0,0.0,3,0.003,15,rulebase,zero,4,28,tempered_current_logits,0,-0.11752234052780063,0.001,0.25,keqingrl_rule_score_scale_v1,4,93,support-only-topk,-0.023255813953488372,8,0.0,0.75,0
0.75,all,3,0.021316575733098118,1.25,reports/keqingrl_discard_research_20260425_candidates_checkpoint_rerun/configs/rerun_000_source_93/policy_final.pt,689ed3bc4eacbde87049309fe6a37182cffa1baa03338b8ed653ebab516854fc,0.2,"{""entropy_coef"":0.01,""lr"":3e-05,""opponent_mode"":""rulebase"",""rule_kl_coef"":0.01}",rulebase/rule_kl=0.01/entropy=0.01/lr=3e-05,reports/keqingrl_discard_research_20260425_candidates_checkpoint_rerun/configs/rerun_000_source_93/config.json,33,0.0,0.0,0.0,0.75,topk,5,0.01,0,0.0,3,0.003,13,rulebase,zero,4,20,tempered_current_logits,0,-0.22424695640802383,0.001,0.25,keqingrl_rule_score_scale_v1,5,93,support-only-topk,-0.10606060606060606,8,0.0,0.75,0
0.75,all,3,0.8111796435569564,1.25,reports/keqingrl_discard_research_20260425_candidates_checkpoint_rerun/configs/rerun_000_source_93/policy_final.pt,689ed3bc4eacbde87049309fe6a37182cffa1baa03338b8ed653ebab516854fc,0.2,"{""entropy_coef"":0.01,""lr"":3e-05,""opponent_mode"":""rulebase"",""rule_kl_coef"":0.01}",rulebase/rule_kl=0.01/entropy=0.01/lr=3e-05,reports/keqingrl_discard_research_20260425_candidates_checkpoint_rerun/configs/rerun_000_source_93/config.json,62,0.0,0.0,0.0,0.75,topk,5,0.01,1,0.0,3,0.003,22,rulebase,zero,4,40,tempered_current_logits,0,-0.37284929713895243,0.001,0.25,keqingrl_rule_score_scale_v1,1,93,support-only-topk,-0.024193548387096774,8,0.0,0.75,0
0.75,all,3,0.7127945046391218,1.25,reports/keqingrl_discard_research_20260425_candidates_checkpoint_rerun/configs/rerun_000_source_93/policy_final.pt,689ed3bc4eacbde87049309fe6a37182cffa1baa03338b8ed653ebab516854fc,0.2,"{""entropy_coef"":0.01,""lr"":3e-05,""opponent_mode"":""rulebase"",""rule_kl_coef"":0.01}",rulebase/rule_kl=0.01/entropy=0.01/lr=3e-05,reports/keqingrl_discard_research_20260425_candidates_checkpoint_rerun/configs/rerun_000_source_93/config.json,31,0.0,0.0,0.0,0.75,topk,5,0.01,1,0.0,3,0.003,13,rulebase,zero,4,18,tempered_current_logits,0,-0.44577761907731334,0.001,0.25,keqingrl_rule_score_scale_v1,2,93,support-only-topk,-0.20967741935483872,8,0.0,0.75,0
0.75,all,3,0.5884775437414647,1.25,reports/keqingrl_discard_research_20260425_candidates_checkpoint_rerun/configs/rerun_000_source_93/policy_final.pt,689ed3bc4eacbde87049309fe6a37182cffa1baa03338b8ed653ebab516854fc,0.2,"{""entropy_coef"":0.01,""lr"":3e-05,""opponent_mode"":""rulebase"",""rule_kl_coef"":0.01}",rulebase/rule_kl=0.01/entropy=0.01/lr=3e-05,reports/keqingrl_discard_research_20260425_candidates_checkpoint_rerun/configs/rerun_000_source_93/config.json,40,0.0,0.0,0.0,0.75,topk,5,0.01,1,0.0,3,0.003,14,rulebase,zero,4,26,tempered_current_logits,0,-0.5003174141049385,0.001,0.25,keqingrl_rule_score_scale_v1,3,93,support-only-topk,-0.05,8,0.0,0.75,0
0.75,all,3,0.6691213106521621,1.25,reports/keqingrl_discard_research_20260425_candidates_checkpoint_rerun/configs/rerun_000_source_93/policy_final.pt,689ed3bc4eacbde87049309fe6a37182cffa1baa03338b8ed653ebab516854fc,0.2,"{""entropy_coef"":0.01,""lr"":3e-05,""opponent_mode"":""rulebase"",""rule_kl_coef"":0.01}",rulebase/rule_kl=0.01/entropy=0.01/lr=3e-05,reports/keqingrl_discard_research_20260425_candidates_checkpoint_rerun/configs/rerun_000_source_93/config.json,39,0.0,0.0,0.0,0.75,topk,5,0.01,1,0.0,3,0.003,17,rulebase,zero,4,22,tempered_current_logits,0,-0.5247326294581095,0.001,0.25,keqingrl_rule_score_scale_v1,4,93,support-only-topk,-0.23076923076923078,8,0.0,0.75,0
0.75,all,3,0.4972072888452273,1.25,reports/keqingrl_discard_research_20260425_candidates_checkpoint_rerun/configs/rerun_000_source_93/policy_final.pt,689ed3bc4eacbde87049309fe6a37182cffa1baa03338b8ed653ebab516854fc,0.2,"{""entropy_coef"":0.01,""lr"":3e-05,""opponent_mode"":""rulebase"",""rule_kl_coef"":0.01}",rulebase/rule_kl=0.01/entropy=0.01/lr=3e-05,reports/keqingrl_discard_research_20260425_candidates_checkpoint_rerun/configs/rerun_000_source_93/config.json,39,0.0,0.0,0.0,0.75,topk,5,0.01,1,0.0,3,0.003,14,rulebase,zero,4,25,tempered_current_logits,0,-0.5771795037465218,0.001,0.25,keqingrl_rule_score_scale_v1,5,93,support-only-topk,-0.16666666666666666,8,0.0,0.75,0
0.75,all,3,0.02906454323905788,1.25,reports/keqingrl_discard_research_20260425_candidates_checkpoint_rerun/configs/rerun_000_source_93/policy_final.pt,689ed3bc4eacbde87049309fe6a37182cffa1baa03338b8ed653ebab516854fc,0.2,"{""entropy_coef"":0.01,""lr"":3e-05,""opponent_mode"":""rulebase"",""rule_kl_coef"":0.01}",rulebase/rule_kl=0.01/entropy=0.01/lr=3e-05,reports/keqingrl_discard_research_20260425_candidates_checkpoint_rerun/configs/rerun_000_source_93/config.json,73,0.0,0.0,0.0,0.75,topk,5,0.01,2,0.0,3,0.003,33,rulebase,zero,4,40,tempered_current_logits,0,-0.24529026407901555,0.001,0.25,keqingrl_rule_score_scale_v1,1,93,support-only-topk,-0.2602739726027397,8,0.0,0.75,0
0.75,all,3,0.05220285912112492,1.25,reports/keqingrl_discard_research_20260425_candidates_checkpoint_rerun/configs/rerun_000_source_93/policy_final.pt,689ed3bc4eacbde87049309fe6a37182cffa1baa03338b8ed653ebab516854fc,0.2,"{""entropy_coef"":0.01,""lr"":3e-05,""opponent_mode"":""rulebase"",""rule_kl_coef"":0.01}",rulebase/rule_kl=0.01/entropy=0.01/lr=3e-05,reports/keqingrl_discard_research_20260425_candidates_checkpoint_rerun/configs/rerun_000_source_93/config.json,41,0.0,0.0,0.0,0.75,topk,5,0.01,2,0.0,3,0.003,17,rulebase,zero,4,24,tempered_current_logits,0,-0.2308793858420558,0.001,0.25,keqingrl_rule_score_scale_v1,2,93,support-only-topk,-0.12195121951219512,8,0.0,0.75,0
0.75,all,3,0.07150347912922883,1.25,reports/keqingrl_discard_research_20260425_candidates_checkpoint_rerun/configs/rerun_000_source_93/policy_final.pt,689ed3bc4eacbde87049309fe6a37182cffa1baa03338b8ed653ebab516854fc,0.2,"{""entropy_coef"":0.01,""lr"":3e-05,""opponent_mode"":""rulebase"",""rule_kl_coef"":0.01}",rulebase/rule_kl=0.01/entropy=0.01/lr=3e-05,reports/keqingrl_discard_research_20260425_candidates_checkpoint_rerun/configs/rerun_000_source_93/config.json,39,0.0,0.0,0.0,0.75,topk,5,0.01,2,0.0,3,0.003,16,rulebase,zero,4,23,tempered_current_logits,0,-0.2820545916373913,0.001,0.25,keqingrl_rule_score_scale_v1,3,93,support-only-topk,-0.1794871794871795,8,0.0,0.75,0
0.75,all,3,-0.08309497948615782,1.25,reports/keqingrl_discard_research_20260425_candidates_checkpoint_rerun/configs/rerun_000_source_93/policy_final.pt,689ed3bc4eacbde87049309fe6a37182cffa1baa03338b8ed653ebab516854fc,0.2,"{""entropy_coef"":0.01,""lr"":3e-05,""opponent_mode"":""rulebase"",""rule_kl_coef"":0.01}",rulebase/rule_kl=0.01/entropy=0.01/lr=3e-05,reports/keqingrl_discard_research_20260425_candidates_checkpoint_rerun/configs/rerun_000_source_93/config.json,31,0.0,0.0,0.0,0.75,topk,5,0.01,2,0.0,3,0.003,15,rulebase,zero,4,16,tempered_current_logits,0,-0.3771384137292062,0.001,0.25,keqingrl_rule_score_scale_v1,4,93,support-only-topk,-0.3064516129032258,8,0.0,0.75,0
0.75,all,3,0.21536981132295396,1.25,reports/keqingrl_discard_research_20260425_candidates_checkpoint_rerun/configs/rerun_000_source_93/policy_final.pt,689ed3bc4eacbde87049309fe6a37182cffa1baa03338b8ed653ebab516854fc,0.2,"{""entropy_coef"":0.01,""lr"":3e-05,""opponent_mode"":""rulebase"",""rule_kl_coef"":0.01}",rulebase/rule_kl=0.01/entropy=0.01/lr=3e-05,reports/keqingrl_discard_research_20260425_candidates_checkpoint_rerun/configs/rerun_000_source_93/config.json,45,0.0,0.0,0.0,0.75,topk,5,0.01,2,0.0,3,0.003,16,rulebase,zero,4,29,tempered_current_logits,0,-0.12056609027915531,0.001,0.25,keqingrl_rule_score_scale_v1,5,93,support-only-topk,-0.1111111111111111,8,0.0,0.75,0
