action_canonical_key,action_index,action_type,actor,actor_update_dropped,actor_update_keep,actor_update_margin_threshold,actor_update_support_mode,actor_update_topk,advantage_normalized,advantage_raw,behavior_temperature,checkpoint_path,checkpoint_sha256,clip_eps,config_key,config_key_label,config_path,delta_clip,delta_clip_coef,delta_l2_coef,delta_needed_to_flip_top1,delta_support_margin_threshold,delta_support_mode,delta_support_topk,entropy_coef,episode_id,final_rank,iteration,legal_count,low_rank_flip_penalty_coef,low_rank_flip_topk,lr,old_log_prob,old_value,opponent_mode,outside_support_delta_mode,pilot_config_id,prior_top1_margin_to_second,prior_top1_prob,ratio_mode,rerun_config_id,return,reward,rule_kl_coef,rule_score_scale,rule_score_scale_version,selected_is_prior_top1,selected_prior_prob,selected_prior_rank,source_config_id,step_index,support_policy_mode,teacher_best_action_canonical_key,teacher_best_action_index,teacher_best_prior_rank,teacher_confidence,teacher_confidence_entropy_pass,teacher_confidence_gate,teacher_confidence_gate_keep,teacher_confidence_margin_pass,teacher_confidence_prior_agree_pass,teacher_contract_version,teacher_entropy,teacher_entropy_max,teacher_margin_min,teacher_margin_top1_to_second,teacher_prior_agree,teacher_prior_agree_min,teacher_prior_topk_action_indices_json,teacher_prior_topk_actions_json,teacher_prior_topk_logits_json,teacher_rule_top1_rank,teacher_source,teacher_target_type,teacher_temperature,teacher_topk,teacher_topk_probs_json,teacher_topk_scores_json,teacher_version,terminal_reward,topk_ranking_aux_coef,topk_ranking_aux_mode,topk_ranking_k,update_epochs,weak_margin_flip_penalty_coef,weak_margin_threshold
0|tile=0|consumed=|from=-1|flags=0,0,0,0,False,True,0.75,topk,3,-1.5507525205612183,0.3471105396747589,1.25,reports/keqingrl_discard_research_20260425_candidates_checkpoint_rerun/configs/rerun_000_source_93/policy_final.pt,689ed3bc4eacbde87049309fe6a37182cffa1baa03338b8ed653ebab516854fc,0.2,"{""entropy_coef"":0.01,""lr"":3e-05,""opponent_mode"":""rulebase"",""rule_kl_coef"":0.01}",rulebase/rule_kl=0.01/entropy=0.01/lr=3e-05,reports/keqingrl_discard_research_20260425_candidates_checkpoint_rerun/configs/rerun_000_source_93/config.json,0.0,0.0,0.0,3.0,0.75,topk,3,0.01,a578e14d,1,0,12,0.0,3,0.003,-1.3407729864120483,-0.1358184814453125,rulebase,zero,0,3.0,0.6472995281219482,tempered_current_logits,0,0.2112920582294464,0.0,0.0,0.25,keqingrl_rule_score_scale_v1,False,0.03222714364528656,2,93,0,support-only-topk,0|tile=27|consumed=|from=-1|flags=0,10,1,0.39342845808320204,True,False,True,True,True,keqingrl_topk_teacher_v1,0.6663869619369507,1000000000.0,0.0,0.18764066696166992,True,0.0,"[10,0,1]","[""0|tile=27|consumed=|from=-1|flags=0"",""0|tile=0|consumed=|from=-1|flags=0"",""0|tile=10|consumed=|from=-1|flags=0""]","[0.0,-3.0,-3.00099993]",1.0,mortal-discard-q,topk_distribution,0.25,3,"[0.67428148,0.31832886,0.00738962]","[-0.64255887,-0.83019954,-1.77095163]",mortal_discard_teacher_v1,0.5,5.0,teacher-ce,3,5,0.0,0.75
0|tile=10|consumed=|from=-1|flags=0,0,0,0,False,True,0.75,topk,3,-1.2785725593566895,0.38562291860580444,1.25,reports/keqingrl_discard_research_20260425_candidates_checkpoint_rerun/configs/rerun_000_source_93/policy_final.pt,689ed3bc4eacbde87049309fe6a37182cffa1baa03338b8ed653ebab516854fc,0.2,"{""entropy_coef"":0.01,""lr"":3e-05,""opponent_mode"":""rulebase"",""rule_kl_coef"":0.01}",rulebase/rule_kl=0.01/entropy=0.01/lr=3e-05,reports/keqingrl_discard_research_20260425_candidates_checkpoint_rerun/configs/rerun_000_source_93/config.json,0.0,0.0,0.0,3.000999927520752,0.75,topk,3,0.01,a578e14d,1,0,12,0.0,3,0.003,-0.7406497001647949,-0.15504969656467438,rulebase,zero,0,3.000999927520752,0.6475072503089905,tempered_current_logits,0,0.23057322204113007,0.0,0.0,0.25,keqingrl_rule_score_scale_v1,True,0.6475072503089905,1,93,16,support-only-topk,0|tile=10|consumed=|from=-1|flags=0,0,1,0.9959454326499475,True,False,True,True,True,keqingrl_topk_teacher_v1,0.004454397596418858,1000000000.0,0.0,1.8943082094192505,True,0.0,"[0,1,2]","[""0|tile=10|consumed=|from=-1|flags=0"",""0|tile=19|consumed=|from=-1|flags=0"",""0|tile=21|consumed=|from=-1|flags=0""]","[0.0,-3.00099993,-3.00200009]",1.0,mortal-discard-q,topk_distribution,0.25,3,"[0.99948335,0.00051171,4.93e-06]","[-0.49212396,-2.38643217,-3.54698658]",mortal_discard_teacher_v1,0.5,5.0,teacher-ce,3,5,0.0,0.75
0|tile=19|consumed=|from=-1|flags=0,1,0,0,False,True,0.75,topk,3,-1.133783221244812,0.4061100482940674,1.25,reports/keqingrl_discard_research_20260425_candidates_checkpoint_rerun/configs/rerun_000_source_93/policy_final.pt,689ed3bc4eacbde87049309fe6a37182cffa1baa03338b8ed653ebab516854fc,0.2,"{""entropy_coef"":0.01,""lr"":3e-05,""opponent_mode"":""rulebase"",""rule_kl_coef"":0.01}",rulebase/rule_kl=0.01/entropy=0.01/lr=3e-05,reports/keqingrl_discard_research_20260425_candidates_checkpoint_rerun/configs/rerun_000_source_93/config.json,0.0,0.0,0.0,3.000999927520752,0.75,topk,3,0.01,a578e14d,1,0,12,0.0,3,0.003,-1.3408130407333374,-0.15523134171962738,rulebase,zero,0,3.000999927520752,0.6475072503089905,tempered_current_logits,0,0.2508786916732788,0.0,0.0,0.25,keqingrl_rule_score_scale_v1,False,0.03220526874065399,2,93,32,support-only-topk,0|tile=0|consumed=|from=-1|flags=1,0,1,0.999988968967822,True,False,True,True,True,keqingrl_topk_teacher_v1,1.21188277262263e-05,1000000000.0,0.0,3.5199086666107178,True,0.0,"[0,1,2]","[""0|tile=0|consumed=|from=-1|flags=1"",""0|tile=19|consumed=|from=-1|flags=0"",""0|tile=21|consumed=|from=-1|flags=0""]","[0.0,-3.00099993,-3.00200009]",1.0,mortal-discard-q,topk_distribution,0.25,3,"[0.99999928,7.7e-07,3e-08]","[0.6286431,-2.89126563,-3.66722679]",mortal_discard_teacher_v1,0.5,5.0,teacher-ce,3,5,0.0,0.75
0|tile=0|consumed=|from=-1|flags=0,0,0,0,False,True,0.75,topk,3,-1.2531523704528809,0.3892197906970978,1.25,reports/keqingrl_discard_research_20260425_candidates_checkpoint_rerun/configs/rerun_000_source_93/policy_final.pt,689ed3bc4eacbde87049309fe6a37182cffa1baa03338b8ed653ebab516854fc,0.2,"{""entropy_coef"":0.01,""lr"":3e-05,""opponent_mode"":""rulebase"",""rule_kl_coef"":0.01}",rulebase/rule_kl=0.01/entropy=0.01/lr=3e-05,reports/keqingrl_discard_research_20260425_candidates_checkpoint_rerun/configs/rerun_000_source_93/config.json,0.0,0.0,0.0,3.0,0.75,topk,3,0.01,a578e14d,1,0,12,0.0,3,0.003,-1.3407819271087646,-0.11888007819652557,rulebase,zero,0,3.0,0.6472995281219482,tempered_current_logits,0,0.2703397274017334,0.0,0.0,0.25,keqingrl_rule_score_scale_v1,False,0.03222714364528656,2,93,48,support-only-topk,0|tile=0|consumed=|from=-1|flags=0,0,2,0.152521401224068,True,False,True,True,True,keqingrl_topk_teacher_v1,0.9310504198074341,1000000000.0,0.0,0.18617033958435059,False,0.0,"[10,0,1]","[""0|tile=27|consumed=|from=-1|flags=0"",""0|tile=0|consumed=|from=-1|flags=0"",""0|tile=19|consumed=|from=-1|flags=0""]","[0.0,-3.0,-3.00099993]",3.0,mortal-discard-q,topk_distribution,0.25,3,"[0.12843366,0.59093827,0.28062809]","[-0.43062341,-0.04904866,-0.235219]",mortal_discard_teacher_v1,0.5,5.0,teacher-ce,3,5,0.0,0.75
0|tile=19|consumed=|from=-1|flags=1,0,0,0,False,True,0.75,topk,3,-0.5458909869194031,0.48929446935653687,1.25,reports/keqingrl_discard_research_20260425_candidates_checkpoint_rerun/configs/rerun_000_source_93/policy_final.pt,689ed3bc4eacbde87049309fe6a37182cffa1baa03338b8ed653ebab516854fc,0.2,"{""entropy_coef"":0.01,""lr"":3e-05,""opponent_mode"":""rulebase"",""rule_kl_coef"":0.01}",rulebase/rule_kl=0.01/entropy=0.01/lr=3e-05,reports/keqingrl_discard_research_20260425_candidates_checkpoint_rerun/configs/rerun_000_source_93/config.json,0.0,0.0,0.0,3.0,0.75,topk,3,0.01,a578e14d,1,0,11,0.0,3,0.003,-1.3407515287399292,-0.19449004530906677,rulebase,zero,0,3.0,0.6686332821846008,tempered_current_logits,0,0.2948044240474701,0.0,0.0,0.25,keqingrl_rule_score_scale_v1,False,0.033289290964603424,2,93,64,support-only-topk,0|tile=27|consumed=|from=-1|flags=0,9,1,0.9136500133249015,True,False,True,True,True,keqingrl_topk_teacher_v1,0.09486515820026398,1000000000.0,0.0,0.9893388748168945,True,0.0,"[9,0,1]","[""0|tile=27|consumed=|from=-1|flags=0"",""0|tile=19|consumed=|from=-1|flags=1"",""0|tile=21|consumed=|from=-1|flags=0""]","[0.0,-3.0,-3.00099993]",1.0,mortal-discard-q,topk_distribution,0.25,3,"[0.98106879,0.01875175,0.00017954]","[-0.10674345,-1.09608233,-2.25824499]",mortal_discard_teacher_v1,0.5,5.0,teacher-ce,3,5,0.0,0.75
0|tile=11|consumed=|from=-1|flags=1,1,0,0,False,True,0.75,topk,3,-0.02801285870373249,0.562572181224823,1.25,reports/keqingrl_discard_research_20260425_candidates_checkpoint_rerun/configs/rerun_000_source_93/policy_final.pt,689ed3bc4eacbde87049309fe6a37182cffa1baa03338b8ed653ebab516854fc,0.2,"{""entropy_coef"":0.01,""lr"":3e-05,""opponent_mode"":""rulebase"",""rule_kl_coef"":0.01}",rulebase/rule_kl=0.01/entropy=0.01/lr=3e-05,reports/keqingrl_discard_research_20260425_candidates_checkpoint_rerun/configs/rerun_000_source_93/config.json,0.0,0.0,0.0,3.000999927520752,0.75,topk,3,0.01,a578e14d,1,0,12,0.0,3,0.003,-1.3409744501113892,-0.23963914811611176,rulebase,zero,0,3.0,0.6472995281219482,tempered_current_logits,0,0.32293301820755005,0.0,0.0,0.25,keqingrl_rule_score_scale_v1,False,0.03219493851065636,3,93,80,support-only-topk,0|tile=19|consumed=|from=-1|flags=0,0,2,0.6423380514480088,True,False,True,True,True,keqingrl_topk_teacher_v1,0.39293181896209717,1000000000.0,0.0,0.512822151184082,False,0.0,"[10,0,1]","[""0|tile=27|consumed=|from=-1|flags=0"",""0|tile=19|consumed=|from=-1|flags=0"",""0|tile=11|consumed=|from=-1|flags=1""]","[0.0,-3.0,-3.00099993]",2.0,mortal-discard-q,topk_distribution,0.25,3,"[0.1131478,0.88005418,0.00679803]","[-0.4147597,0.09806244,-1.1177752]",mortal_discard_teacher_v1,0.5,5.0,teacher-ce,3,5,0.0,0.75
0|tile=21|consumed=|from=-1|flags=0,1,0,0,False,True,0.75,topk,3,0.37877386808395386,0.6201308965682983,1.25,reports/keqingrl_discard_research_20260425_candidates_checkpoint_rerun/configs/rerun_000_source_93/policy_final.pt,689ed3bc4eacbde87049309fe6a37182cffa1baa03338b8ed653ebab516854fc,0.2,"{""entropy_coef"":0.01,""lr"":3e-05,""opponent_mode"":""rulebase"",""rule_kl_coef"":0.01}",rulebase/rule_kl=0.01/entropy=0.01/lr=3e-05,reports/keqingrl_discard_research_20260425_candidates_checkpoint_rerun/configs/rerun_000_source_93/config.json,0.0,0.0,0.0,3.000999927520752,0.75,topk,3,0.01,a578e14d,1,0,11,0.0,3,0.003,-1.3408637046813965,-0.266191303730011,rulebase,zero,0,3.000999927520752,0.6688328385353088,tempered_current_logits,0,0.35393959283828735,0.0,0.0,0.25,keqingrl_rule_score_scale_v1,False,0.03326594829559326,2,93,96,support-only-topk,0|tile=19|consumed=|from=-1|flags=0,0,1,0.9997305498167969,True,False,True,True,True,keqingrl_topk_teacher_v1,0.00029602128779515624,1000000000.0,0.0,2.728259563446045,True,0.0,"[0,1,2]","[""0|tile=19|consumed=|from=-1|flags=0"",""0|tile=21|consumed=|from=-1|flags=0"",""0|tile=22|consumed=|from=-1|flags=0""]","[0.0,-3.00099993,-3.00200009]",1.0,mortal-discard-q,topk_distribution,0.25,3,"[0.99997568,6.07e-06,1.822e-05]","[1.01347435,-1.98967946,-1.71478522]",mortal_discard_teacher_v1,0.5,5.0,teacher-ce,3,5,0.0,0.75
0|tile=19|consumed=|from=-1|flags=0,0,0,0,False,True,0.75,topk,3,0.5838642120361328,0.6491503715515137,1.25,reports/keqingrl_discard_research_20260425_candidates_checkpoint_rerun/configs/rerun_000_source_93/policy_final.pt,689ed3bc4eacbde87049309fe6a37182cffa1baa03338b8ed653ebab516854fc,0.2,"{""entropy_coef"":0.01,""lr"":3e-05,""opponent_mode"":""rulebase"",""rule_kl_coef"":0.01}",rulebase/rule_kl=0.01/entropy=0.01/lr=3e-05,reports/keqingrl_discard_research_20260425_candidates_checkpoint_rerun/configs/rerun_000_source_93/config.json,0.0,0.0,0.0,3.0,0.75,topk,3,0.01,a578e14d,1,0,11,0.0,3,0.003,-1.3407313823699951,-0.2627532482147217,rulebase,zero,0,3.0,0.668743908405304,tempered_current_logits,0,0.386397123336792,0.0,0.0,0.25,keqingrl_rule_score_scale_v1,False,0.03329479694366455,2,93,112,support-only-topk,0|tile=19|consumed=|from=-1|flags=0,0,2,0.7999175304704037,True,False,True,True,True,keqingrl_topk_teacher_v1,0.21981306374073029,1000000000.0,0.0,0.7052714228630066,False,0.0,"[4,0,1]","[""0|tile=7|consumed=|from=-1|flags=0"",""0|tile=19|consumed=|from=-1|flags=0"",""0|tile=22|consumed=|from=-1|flags=0""]","[0.0,-3.0,-3.00099993]",3.0,mortal-discard-q,topk_distribution,0.25,3,"[0.00040029,0.94342685,0.05617283]","[-0.80499619,1.13627768,0.43100625]",mortal_discard_teacher_v1,0.5,5.0,teacher-ce,3,5,0.0,0.75
0|tile=22|consumed=|from=-1|flags=0,0,0,0,False,True,0.75,topk,3,0.4166775941848755,0.625494122505188,1.25,reports/keqingrl_discard_research_20260425_candidates_checkpoint_rerun/configs/rerun_000_source_93/policy_final.pt,689ed3bc4eacbde87049309fe6a37182cffa1baa03338b8ed653ebab516854fc,0.2,"{""entropy_coef"":0.01,""lr"":3e-05,""opponent_mode"":""rulebase"",""rule_kl_coef"":0.01}",rulebase/rule_kl=0.01/entropy=0.01/lr=3e-05,reports/keqingrl_discard_research_20260425_candidates_checkpoint_rerun/configs/rerun_000_source_93/config.json,0.0,0.0,0.0,3.0,0.75,topk,3,0.01,a578e14d,1,0,11,0.0,3,0.003,-1.3407701253890991,-0.2078222930431366,rulebase,zero,0,3.0,0.6687660813331604,tempered_current_logits,0,0.4176718294620514,0.0,0.0,0.25,keqingrl_rule_score_scale_v1,False,0.033295903354883194,2,93,128,support-only-topk,0|tile=22|consumed=|from=-1|flags=0,0,2,0.8760992229889707,True,False,True,True,True,keqingrl_topk_teacher_v1,0.13611891865730286,1000000000.0,0.0,0.8685439229011536,False,0.0,"[3,0,1]","[""0|tile=7|consumed=|from=-1|flags=0"",""0|tile=22|consumed=|from=-1|flags=0"",""0|tile=5|consumed=|from=-1|flags=0""]","[0.0,-3.0,-3.00099993]",2.0,mortal-discard-q,topk_distribution,0.25,3,"[0.03005242,0.96982813,0.00011943]","[-0.24361931,0.6249246,-1.62561357]",mortal_discard_teacher_v1,0.5,5.0,teacher-ce,3,5,0.0,0.75
0|tile=18|consumed=|from=-1|flags=1,0,0,0,False,True,0.75,topk,3,1.8386338949203491,0.8266953229904175,1.25,reports/keqingrl_discard_research_20260425_candidates_checkpoint_rerun/configs/rerun_000_source_93/policy_final.pt,689ed3bc4eacbde87049309fe6a37182cffa1baa03338b8ed653ebab516854fc,0.2,"{""entropy_coef"":0.01,""lr"":3e-05,""opponent_mode"":""rulebase"",""rule_kl_coef"":0.01}",rulebase/rule_kl=0.01/entropy=0.01/lr=3e-05,reports/keqingrl_discard_research_20260425_candidates_checkpoint_rerun/configs/rerun_000_source_93/config.json,0.0,0.0,0.0,3.000999927520752,0.75,topk,3,0.01,a578e14d,1,0,11,0.0,3,0.003,-0.7406392097473145,-0.36768877506256104,rulebase,zero,0,3.000999927520752,0.6688328385353088,tempered_current_logits,0,0.45900654792785645,0.0,0.0,0.25,keqingrl_rule_score_scale_v1,True,0.6688328385353088,1,93,144,support-only-topk,0|tile=18|consumed=|from=-1|flags=1,0,1,0.8090404899049766,True,False,True,True,True,keqingrl_topk_teacher_v1,0.20979046821594238,1000000000.0,0.0,0.7174692153930664,True,0.0,"[0,1,2]","[""0|tile=18|consumed=|from=-1|flags=1"",""0|tile=5|consumed=|from=-1|flags=0"",""0|tile=14|consumed=|from=-1|flags=0""]","[0.0,-3.00099993,-3.00200009]",1.0,mortal-discard-q,topk_distribution,0.25,3,"[0.9462806,5.973e-05,0.0536597]","[0.7966311,-1.62100399,0.07916189]",mortal_discard_teacher_v1,0.5,5.0,teacher-ce,3,5,0.0,0.75
0|tile=33|consumed=|from=-1|flags=0,7,0,0,False,True,0.75,topk,3,1.7903865575790405,0.8198685050010681,1.25,reports/keqingrl_discard_research_20260425_candidates_checkpoint_rerun/configs/rerun_000_source_93/policy_final.pt,689ed3bc4eacbde87049309fe6a37182cffa1baa03338b8ed653ebab516854fc,0.2,"{""entropy_coef"":0.01,""lr"":3e-05,""opponent_mode"":""rulebase"",""rule_kl_coef"":0.01}",rulebase/rule_kl=0.01/entropy=0.01/lr=3e-05,reports/keqingrl_discard_research_20260425_candidates_checkpoint_rerun/configs/rerun_000_source_93/config.json,0.0,0.0,0.0,3.0,0.75,topk,3,0.01,a578e14d,1,0,11,0.0,3,0.003,-0.7407415509223938,-0.3198685050010681,rulebase,zero,0,3.0,0.6686775088310242,tempered_current_logits,0,0.5,0.5,0.0,0.25,keqingrl_rule_score_scale_v1,True,0.6686775088310242,1,93,160,support-only-topk,0|tile=14|consumed=|from=-1|flags=0,1,3,0.9463460920169083,True,False,True,True,True,keqingrl_topk_teacher_v1,0.05894484370946884,1000000000.0,0.0,1.301012396812439,False,0.0,"[7,0,1]","[""0|tile=33|consumed=|from=-1|flags=0"",""0|tile=5|consumed=|from=-1|flags=0"",""0|tile=14|consumed=|from=-1|flags=0""]","[0.0,-3.0,-3.00099993]",3.0,mortal-discard-q,topk_distribution,0.25,3,"[0.00383418,0.0054433,0.99072254]","[-0.68894058,-0.60133362,0.69967878]",mortal_discard_teacher_v1,0.5,5.0,teacher-ce,3,5,0.0,0.75
0|tile=10|consumed=|from=-1|flags=0,1,0,0,False,True,0.75,topk,3,-1.0319074392318726,0.42052507400512695,1.25,reports/keqingrl_discard_research_20260425_candidates_checkpoint_rerun/configs/rerun_000_source_93/policy_final.pt,689ed3bc4eacbde87049309fe6a37182cffa1baa03338b8ed653ebab516854fc,0.2,"{""entropy_coef"":0.01,""lr"":3e-05,""opponent_mode"":""rulebase"",""rule_kl_coef"":0.01}",rulebase/rule_kl=0.01/entropy=0.01/lr=3e-05,reports/keqingrl_discard_research_20260425_candidates_checkpoint_rerun/configs/rerun_000_source_93/config.json,0.0,0.0,0.0,3.000999927520752,0.75,topk,3,0.01,b691babe,1,0,13,0.0,3,0.003,-1.3409557342529297,-0.07499087601900101,rulebase,zero,0,3.0,0.6274797320365906,tempered_current_logits,0,0.34553420543670654,0.0,0.0,0.25,keqingrl_rule_score_scale_v1,False,0.031209154054522514,3,93,0,support-only-topk,0|tile=0|consumed=|from=-1|flags=0,0,2,0.9530579075477537,True,False,True,True,True,keqingrl_topk_teacher_v1,0.051571160554885864,1000000000.0,0.0,1.1834986209869385,False,0.0,"[2,0,1]","[""0|tile=3|consumed=|from=-1|flags=0"",""0|tile=0|consumed=|from=-1|flags=0"",""0|tile=10|consumed=|from=-1|flags=0""]","[0.0,-3.0,-3.00099993]",2.0,mortal-discard-q,topk_distribution,0.25,3,"[0.00871326,0.99112529,0.00016146]","[-1.56738472,-0.38388616,-2.56447649]",mortal_discard_teacher_v1,0.5,5.0,teacher-ce,3,5,0.0,0.75
0|tile=27|consumed=|from=-1|flags=0,11,0,0,False,True,0.75,topk,3,0.26018133759498596,0.6033505201339722,1.25,reports/keqingrl_discard_research_20260425_candidates_checkpoint_rerun/configs/rerun_000_source_93/policy_final.pt,689ed3bc4eacbde87049309fe6a37182cffa1baa03338b8ed653ebab516854fc,0.2,"{""entropy_coef"":0.01,""lr"":3e-05,""opponent_mode"":""rulebase"",""rule_kl_coef"":0.01}",rulebase/rule_kl=0.01/entropy=0.01/lr=3e-05,reports/keqingrl_discard_research_20260425_candidates_checkpoint_rerun/configs/rerun_000_source_93/config.json,0.0,0.0,0.0,3.0,0.75,topk,3,0.01,b691babe,1,0,13,0.0,3,0.003,-0.7407514452934265,-0.2276487946510315,rulebase,zero,0,3.0,0.6273044943809509,tempered_current_logits,0,0.3757017254829407,0.0,0.0,0.25,keqingrl_rule_score_scale_v1,True,0.6273044943809509,1,93,16,support-only-topk,0|tile=27|consumed=|from=-1|flags=0,11,1,0.8122013154976416,True,False,True,True,True,keqingrl_topk_teacher_v1,0.2063179463148117,1000000000.0,0.0,0.7250718474388123,True,0.0,"[11,0,1]","[""0|tile=27|consumed=|from=-1|flags=0"",""0|tile=0|consumed=|from=-1|flags=0"",""0|tile=3|consumed=|from=-1|flags=0""]","[0.0,-3.0,-3.00099993]",1.0,mortal-discard-q,topk_distribution,0.25,3,"[0.9477061,0.05213086,0.00016297]","[-0.58403713,-1.30910897,-2.75109792]",mortal_discard_teacher_v1,0.5,5.0,teacher-ce,3,5,0.0,0.75
0|tile=3|consumed=|from=-1|flags=0,2,0,0,False,True,0.75,topk,3,-0.1938207596540451,0.5391110181808472,1.25,reports/keqingrl_discard_research_20260425_candidates_checkpoint_rerun/configs/rerun_000_source_93/policy_final.pt,689ed3bc4eacbde87049309fe6a37182cffa1baa03338b8ed653ebab516854fc,0.2,"{""entropy_coef"":0.01,""lr"":3e-05,""opponent_mode"":""rulebase"",""rule_kl_coef"":0.01}",rulebase/rule_kl=0.01/entropy=0.01/lr=3e-05,reports/keqingrl_discard_research_20260425_candidates_checkpoint_rerun/configs/rerun_000_source_93/config.json,0.0,0.0,0.0,3.0,0.75,topk,3,0.01,b691babe,1,0,13,0.0,3,0.003,-0.7407280206680298,-0.1364537626504898,rulebase,zero,0,3.0,0.6274797320365906,tempered_current_logits,0,0.40265727043151855,0.0,0.0,0.25,keqingrl_rule_score_scale_v1,True,0.6274797320365906,1,93,32,support-only-topk,0|tile=0|consumed=|from=-1|flags=0,0,2,0.941041949784653,True,False,True,True,True,keqingrl_topk_teacher_v1,0.06477203965187073,1000000000.0,0.0,1.1040563583374023,False,0.0,"[2,0,1]","[""0|tile=3|consumed=|from=-1|flags=0"",""0|tile=0|consumed=|from=-1|flags=0"",""0|tile=11|consumed=|from=-1|flags=1""]","[0.0,-3.0,-3.00099993]",2.0,mortal-discard-q,topk_distribution,0.25,3,"[0.01193552,0.98806041,4.09e-06]","[-1.82777548,-0.72371918,-3.82254648]",mortal_discard_teacher_v1,0.5,5.0,teacher-ce,3,5,0.0,0.75
0|tile=2|consumed=|from=-1|flags=1,1,0,0,False,True,0.75,topk,3,0.09537262469530106,0.5800307393074036,1.25,reports/keqingrl_discard_research_20260425_candidates_checkpoint_rerun/configs/rerun_000_source_93/policy_final.pt,689ed3bc4eacbde87049309fe6a37182cffa1baa03338b8ed653ebab516854fc,0.2,"{""entropy_coef"":0.01,""lr"":3e-05,""opponent_mode"":""rulebase"",""rule_kl_coef"":0.01}",rulebase/rule_kl=0.01/entropy=0.01/lr=3e-05,reports/keqingrl_discard_research_20260425_candidates_checkpoint_rerun/configs/rerun_000_source_93/config.json,0.0,0.0,0.0,3.0,0.75,topk,3,0.01,b691babe,1,0,13,0.0,3,0.003,-0.740691065788269,-0.14837191998958588,rulebase,zero,0,3.0,0.6274993419647217,tempered_current_logits,0,0.4316588044166565,0.0,0.0,0.25,keqingrl_rule_score_scale_v1,True,0.6274993419647217,1,93,48,support-only-topk,0|tile=2|consumed=|from=-1|flags=1,1,1,0.9903846412728732,True,False,True,True,True,keqingrl_topk_teacher_v1,0.01056355144828558,1000000000.0,0.0,1.6447011232376099,True,0.0,"[1,0,2]","[""0|tile=2|consumed=|from=-1|flags=1"",""0|tile=0|consumed=|from=-1|flags=0"",""0|tile=11|consumed=|from=-1|flags=0""]","[0.0,-3.0,-3.00200009]",1.0,mortal-discard-q,topk_distribution,0.25,3,"[0.99860901,0.00138758,3.42e-06]","[-0.37534031,-2.02004147,-3.52174687]",mortal_discard_teacher_v1,0.5,5.0,teacher-ce,3,5,0.0,0.75
0|tile=11|consumed=|from=-1|flags=0,1,0,0,False,True,0.75,topk,3,0.7311567068099976,0.669991672039032,1.25,reports/keqingrl_discard_research_20260425_candidates_checkpoint_rerun/configs/rerun_000_source_93/policy_final.pt,689ed3bc4eacbde87049309fe6a37182cffa1baa03338b8ed653ebab516854fc,0.2,"{""entropy_coef"":0.01,""lr"":3e-05,""opponent_mode"":""rulebase"",""rule_kl_coef"":0.01}",rulebase/rule_kl=0.01/entropy=0.01/lr=3e-05,reports/keqingrl_discard_research_20260425_candidates_checkpoint_rerun/configs/rerun_000_source_93/config.json,0.0,0.0,0.0,3.000999927520752,0.75,topk,3,0.01,b691babe,1,0,13,0.0,3,0.003,-1.3409340381622314,-0.2048332691192627,rulebase,zero,0,3.0,0.6273238062858582,tempered_current_logits,0,0.4651584029197693,0.0,0.0,0.25,keqingrl_rule_score_scale_v1,False,0.031201399862766266,3,93,64,support-only-topk,0|tile=33|consumed=|from=-1|flags=0,10,1,0.41386856395323346,True,False,True,True,True,keqingrl_topk_teacher_v1,0.6439312100410461,1000000000.0,0.0,0.16476762294769287,True,0.0,"[10,0,1]","[""0|tile=33|consumed=|from=-1|flags=0"",""0|tile=0|consumed=|from=-1|flags=0"",""0|tile=11|consumed=|from=-1|flags=0""]","[0.0,-3.0,-3.00099993]",1.0,mortal-discard-q,topk_distribution,0.25,3,"[0.65887767,0.34085849,0.00026385]","[-0.67820197,-0.8429696,-2.6339314]",mortal_discard_teacher_v1,0.5,5.0,teacher-ce,3,5,0.0,0.75
0|tile=30|consumed=|from=-1|flags=0,11,0,0,False,True,0.75,topk,3,0.9208454489707947,0.6968318819999695,1.25,reports/keqingrl_discard_research_20260425_candidates_checkpoint_rerun/configs/rerun_000_source_93/policy_final.pt,689ed3bc4eacbde87049309fe6a37182cffa1baa03338b8ed653ebab516854fc,0.2,"{""entropy_coef"":0.01,""lr"":3e-05,""opponent_mode"":""rulebase"",""rule_kl_coef"":0.01}",rulebase/rule_kl=0.01/entropy=0.01/lr=3e-05,reports/keqingrl_discard_research_20260425_candidates_checkpoint_rerun/configs/rerun_000_source_93/config.json,0.0,0.0,0.0,3.0,0.75,topk,3,0.01,b691babe,1,0,12,0.0,3,0.003,-0.7407360672950745,-0.19683189690113068,rulebase,zero,0,3.0,0.647278904914856,tempered_current_logits,0,0.5,0.5,0.0,0.25,keqingrl_rule_score_scale_v1,True,0.647278904914856,1,93,80,support-only-topk,0|tile=12|consumed=|from=-1|flags=0,1,3,0.3681490691883572,True,False,True,True,True,keqingrl_topk_teacher_v1,0.694159209728241,1000000000.0,0.0,0.1051781177520752,False,0.0,"[11,0,1]","[""0|tile=30|consumed=|from=-1|flags=0"",""0|tile=0|consumed=|from=-1|flags=0"",""0|tile=12|consumed=|from=-1|flags=0""]","[0.0,-3.0,-3.00099993]",2.0,mortal-discard-q,topk_distribution,0.25,3,"[0.39482078,0.00384893,0.60133034]","[0.26247674,-0.89518255,0.36765486]",mortal_discard_teacher_v1,0.5,5.0,teacher-ce,3,5,0.0,0.75
0|tile=12|consumed=|from=-1|flags=0,2,0,0,False,True,0.75,topk,3,-0.6238293647766113,-0.8967767357826233,1.25,reports/keqingrl_discard_research_20260425_candidates_checkpoint_rerun/configs/rerun_000_source_93/policy_final.pt,689ed3bc4eacbde87049309fe6a37182cffa1baa03338b8ed653ebab516854fc,0.2,"{""entropy_coef"":0.01,""lr"":3e-05,""opponent_mode"":""rulebase"",""rule_kl_coef"":0.01}",rulebase/rule_kl=0.01/entropy=0.01/lr=3e-05,reports/keqingrl_discard_research_20260425_candidates_checkpoint_rerun/configs/rerun_000_source_93/config.json,0.0,0.0,0.0,3.002000093460083,0.75,topk,3,0.01,e0f275d9,3,1,12,0.0,3,0.003,-1.3306844234466553,-0.13209770619869232,rulebase,zero,0,3.000999927520752,0.6475072503089905,tempered_current_logits,0,-1.028874397277832,0.0,0.0,0.25,keqingrl_rule_score_scale_v1,False,0.032173074781894684,3,93,0,support-only-topk,0|tile=0|consumed=|from=-1|flags=1,0,1,0.9935213405743358,True,False,True,True,True,keqingrl_topk_teacher_v1,0.00711753498762846,1000000000.0,0.0,1.7572462558746338,True,0.0,"[0,1,2]","[""0|tile=0|consumed=|from=-1|flags=1"",""0|tile=9|consumed=|from=-1|flags=0"",""0|tile=12|consumed=|from=-1|flags=0""]","[0.0,-3.00099993,-3.00200009]",1.0,mortal-discard-q,topk_distribution,0.25,3,"[0.99911422,0.00088505,7.4e-07]","[-0.06973153,-1.82697773,-3.60024643]",mortal_discard_teacher_v1,-1.5,5.0,teacher-ce,3,5,0.0,0.75
0|tile=9|consumed=|from=-1|flags=0,1,0,0,False,True,0.75,topk,3,-0.39990732073783875,-0.8677016496658325,1.25,reports/keqingrl_discard_research_20260425_candidates_checkpoint_rerun/configs/rerun_000_source_93/policy_final.pt,689ed3bc4eacbde87049309fe6a37182cffa1baa03338b8ed653ebab516854fc,0.2,"{""entropy_coef"":0.01,""lr"":3e-05,""opponent_mode"":""rulebase"",""rule_kl_coef"":0.01}",rulebase/rule_kl=0.01/entropy=0.01/lr=3e-05,reports/keqingrl_discard_research_20260425_candidates_checkpoint_rerun/configs/rerun_000_source_93/config.json,0.0,0.0,0.0,3.000999927520752,0.75,topk,3,0.01,e0f275d9,3,1,12,0.0,3,0.003,-1.3190617561340332,-0.20455783605575562,rulebase,zero,0,3.0,0.647278904914856,tempered_current_logits,0,-1.0722594261169434,0.0,0.0,0.25,keqingrl_rule_score_scale_v1,False,0.03219391405582428,3,93,16,support-only-topk,0|tile=0|consumed=|from=-1|flags=0,0,2,0.7800254627147989,True,False,True,True,True,keqingrl_topk_teacher_v1,0.2416667342185974,1000000000.0,0.0,0.6725854873657227,False,0.0,"[11,0,1]","[""0|tile=27|consumed=|from=-1|flags=0"",""0|tile=0|consumed=|from=-1|flags=0"",""0|tile=9|consumed=|from=-1|flags=0""]","[0.0,-3.0,-3.00099993]",2.0,mortal-discard-q,topk_distribution,0.25,3,"[0.06350627,0.93587363,0.00062004]","[-0.9276576,-0.25507212,-2.08493519]",mortal_discard_teacher_v1,-1.5,5.0,teacher-ce,3,5,0.0,0.75
0|tile=31|consumed=|from=-1|flags=1,12,0,0,False,True,0.75,topk,3,-0.11080904304981232,-0.8301637768745422,1.25,reports/keqingrl_discard_research_20260425_candidates_checkpoint_rerun/configs/rerun_000_source_93/policy_final.pt,689ed3bc4eacbde87049309fe6a37182cffa1baa03338b8ed653ebab516854fc,0.2,"{""entropy_coef"":0.01,""lr"":3e-05,""opponent_mode"":""rulebase"",""rule_kl_coef"":0.01}",rulebase/rule_kl=0.01/entropy=0.01/lr=3e-05,reports/keqingrl_discard_research_20260425_candidates_checkpoint_rerun/configs/rerun_000_source_93/config.json,0.0,0.0,0.0,3.0,0.75,topk,3,0.01,e0f275d9,3,1,13,0.0,3,0.003,-0.7503493428230286,-0.2836039364337921,rulebase,zero,0,3.0,0.6272850632667542,tempered_current_logits,0,-1.1137677431106567,0.0,0.0,0.25,keqingrl_rule_score_scale_v1,True,0.6272850632667542,1,93,32,support-only-topk,0|tile=9|consumed=|from=-1|flags=0,1,3,0.9960000393650196,True,False,True,True,True,keqingrl_topk_teacher_v1,0.004394405987113714,1000000000.0,0.0,2.033400058746338,False,0.0,"[12,0,1]","[""0|tile=31|consumed=|from=-1|flags=1"",""0|tile=0|consumed=|from=-1|flags=0"",""0|tile=9|consumed=|from=-1|flags=0""]","[0.0,-3.0,-3.00099993]",2.0,mortal-discard-q,topk_distribution,0.25,3,"[0.00029337,0.00017801,0.99952865]","[-1.03884757,-1.16375077,0.99455237]",mortal_discard_teacher_v1,-1.5,5.0,teacher-ce,3,5,0.0,0.75
0|tile=9|consumed=|from=-1|flags=0,1,0,0,False,True,0.75,topk,3,-0.467328280210495,-0.8764559030532837,1.25,reports/keqingrl_discard_research_20260425_candidates_checkpoint_rerun/configs/rerun_000_source_93/policy_final.pt,689ed3bc4eacbde87049309fe6a37182cffa1baa03338b8ed653ebab516854fc,0.2,"{""entropy_coef"":0.01,""lr"":3e-05,""opponent_mode"":""rulebase"",""rule_kl_coef"":0.01}",rulebase/rule_kl=0.01/entropy=0.01/lr=3e-05,reports/keqingrl_discard_research_20260425_candidates_checkpoint_rerun/configs/rerun_000_source_93/config.json,0.0,0.0,0.0,3.000999927520752,0.75,topk,3,0.01,e0f275d9,3,1,12,0.0,3,0.003,-1.305017113685608,-0.28113460540771484,rulebase,zero,0,3.0,0.647278904914856,tempered_current_logits,0,-1.1575905084609985,0.0,0.0,0.25,keqingrl_rule_score_scale_v1,False,0.03219391405582428,3,93,48,support-only-topk,0|tile=9|consumed=|from=-1|flags=0,1,3,0.9943692839170284,True,False,True,True,True,keqingrl_topk_teacher_v1,0.00618597399443388,1000000000.0,0.0,1.8232438564300537,False,0.0,"[11,0,1]","[""0|tile=27|consumed=|from=-1|flags=0"",""0|tile=0|consumed=|from=-1|flags=1"",""0|tile=9|consumed=|from=-1|flags=0""]","[0.0,-3.0,-3.00099993]",2.0,mortal-discard-q,topk_distribution,0.25,3,"[0.0006798,5.03e-05,0.9992699]","[-1.0094806,-1.66042662,0.81376332]",mortal_discard_teacher_v1,-1.5,5.0,teacher-ce,3,5,0.0,0.75
0|tile=13|consumed=|from=-1|flags=0,3,0,0,False,True,0.75,topk,3,-0.24376291036605835,-0.8474271297454834,1.25,reports/keqingrl_discard_research_20260425_candidates_checkpoint_rerun/configs/rerun_000_source_93/policy_final.pt,689ed3bc4eacbde87049309fe6a37182cffa1baa03338b8ed653ebab516854fc,0.2,"{""entropy_coef"":0.01,""lr"":3e-05,""opponent_mode"":""rulebase"",""rule_kl_coef"":0.01}",rulebase/rule_kl=0.01/entropy=0.01/lr=3e-05,reports/keqingrl_discard_research_20260425_candidates_checkpoint_rerun/configs/rerun_000_source_93/config.json,0.0,0.0,0.0,3.0,0.75,topk,3,0.01,e0f275d9,3,1,11,0.0,3,0.003,-0.7454793453216553,-0.3525347113609314,rulebase,zero,0,3.0,0.6687660813331604,tempered_current_logits,0,-1.1999619007110596,0.0,0.0,0.25,keqingrl_rule_score_scale_v1,True,0.6687660813331604,1,93,64,support-only-topk,0|tile=13|consumed=|from=-1|flags=0,3,1,0.6725802337022784,True,False,True,True,True,keqingrl_topk_teacher_v1,0.35970738530158997,1000000000.0,0.0,0.5092916488647461,True,0.0,"[3,0,1]","[""0|tile=13|consumed=|from=-1|flags=0"",""0|tile=0|consumed=|from=-1|flags=0"",""0|tile=20|consumed=|from=-1|flags=1""]","[0.0,-3.0,-3.00099993]",1.0,mortal-discard-q,topk_distribution,0.25,3,"[0.88443381,0.11532809,0.00023811]","[-0.30294624,-0.81223786,-2.35794282]",mortal_discard_teacher_v1,-1.5,5.0,teacher-ce,3,5,0.0,0.75
0|tile=20|consumed=|from=-1|flags=0,1,0,0,False,True,0.75,topk,3,-0.7560129761695862,-0.9139400720596313,1.25,reports/keqingrl_discard_research_20260425_candidates_checkpoint_rerun/configs/rerun_000_source_93/policy_final.pt,689ed3bc4eacbde87049309fe6a37182cffa1baa03338b8ed653ebab516854fc,0.2,"{""entropy_coef"":0.01,""lr"":3e-05,""opponent_mode"":""rulebase"",""rule_kl_coef"":0.01}",rulebase/rule_kl=0.01/entropy=0.01/lr=3e-05,reports/keqingrl_discard_research_20260425_candidates_checkpoint_rerun/configs/rerun_000_source_93/config.json,0.0,0.0,0.0,3.000999927520752,0.75,topk,3,0.01,e0f275d9,3,1,11,0.0,3,0.003,-1.337917685508728,-0.331718772649765,rulebase,zero,0,3.0,0.6686775088310242,tempered_current_logits,0,-1.2456588745117188,0.0,0.0,0.25,keqingrl_rule_score_scale_v1,False,0.03325822204351425,3,93,80,support-only-topk,0|tile=17|consumed=|from=-1|flags=0,7,1,0.9965475783805725,True,False,True,True,True,keqingrl_topk_teacher_v1,0.0037928728852421045,1000000000.0,0.0,1.9454782009124756,True,0.0,"[7,0,1]","[""0|tile=17|consumed=|from=-1|flags=0"",""0|tile=0|consumed=|from=-1|flags=0"",""0|tile=20|consumed=|from=-1|flags=0""]","[0.0,-3.0,-3.00099993]",1.0,mortal-discard-q,topk_distribution,0.25,3,"[0.99957246,0.00041703,1.046e-05]","[0.65457171,-1.29090643,-2.21240711]",mortal_discard_teacher_v1,-1.5,5.0,teacher-ce,3,5,0.0,0.75
0|tile=33|consumed=|from=-1|flags=0,9,0,0,False,True,0.75,topk,3,-1.3605284690856934,-0.9924331903457642,1.25,reports/keqingrl_discard_research_20260425_candidates_checkpoint_rerun/configs/rerun_000_source_93/policy_final.pt,689ed3bc4eacbde87049309fe6a37182cffa1baa03338b8ed653ebab516854fc,0.2,"{""entropy_coef"":0.01,""lr"":3e-05,""opponent_mode"":""rulebase"",""rule_kl_coef"":0.01}",rulebase/rule_kl=0.01/entropy=0.01/lr=3e-05,reports/keqingrl_discard_research_20260425_candidates_checkpoint_rerun/configs/rerun_000_source_93/config.json,0.0,0.0,0.0,3.0,0.75,topk,3,0.01,e0f275d9,3,1,11,0.0,3,0.003,-0.7691502571105957,-0.302847295999527,rulebase,zero,0,3.0,0.6686332821846008,tempered_current_logits,0,-1.2952804565429688,0.0,0.0,0.25,keqingrl_rule_score_scale_v1,True,0.6686332821846008,1,93,96,support-only-topk,0|tile=33|consumed=|from=-1|flags=0,9,1,0.3433777192890318,True,False,True,True,True,keqingrl_topk_teacher_v1,0.7213733196258545,1000000000.0,0.0,0.03521466255187988,True,0.0,"[9,0,1]","[""0|tile=33|consumed=|from=-1|flags=0"",""0|tile=0|consumed=|from=-1|flags=0"",""0|tile=20|consumed=|from=-1|flags=0""]","[0.0,-3.0,-3.00099993]",1.0,mortal-discard-q,topk_distribution,0.25,3,"[0.53216594,0.00558834,0.46224576]","[-0.21081978,-1.34988785,-0.24603444]",mortal_discard_teacher_v1,-1.5,5.0,teacher-ce,3,5,0.0,0.75
0|tile=0|consumed=|from=-1|flags=0,0,0,0,False,True,0.75,topk,3,-1.210692286491394,-0.9729777574539185,1.25,reports/keqingrl_discard_research_20260425_candidates_checkpoint_rerun/configs/rerun_000_source_93/policy_final.pt,689ed3bc4eacbde87049309fe6a37182cffa1baa03338b8ed653ebab516854fc,0.2,"{""entropy_coef"":0.01,""lr"":3e-05,""opponent_mode"":""rulebase"",""rule_kl_coef"":0.01}",rulebase/rule_kl=0.01/entropy=0.01/lr=3e-05,reports/keqingrl_discard_research_20260425_candidates_checkpoint_rerun/configs/rerun_000_source_93/config.json,0.0,0.0,0.0,3.0,0.75,topk,3,0.01,e0f275d9,3,1,11,0.0,3,0.003,-1.3257527351379395,-0.37095165252685547,rulebase,zero,0,3.0,0.6686112284660339,tempered_current_logits,0,-1.343929409980774,0.0,0.0,0.25,keqingrl_rule_score_scale_v1,False,0.03328819200396538,2,93,112,support-only-topk,0|tile=1|consumed=|from=-1|flags=1,1,3,0.2346726197580944,True,False,True,True,True,keqingrl_topk_teacher_v1,0.8407980799674988,1000000000.0,0.0,0.058750033378601074,False,0.0,"[10,0,1]","[""0|tile=27|consumed=|from=-1|flags=0"",""0|tile=0|consumed=|from=-1|flags=0"",""0|tile=1|consumed=|from=-1|flags=1""]","[0.0,-3.0,-3.00099993]",2.0,mortal-discard-q,topk_distribution,0.25,3,"[0.42130086,0.04579196,0.53290719]","[-0.9551059,-1.50991559,-0.89635587]",mortal_discard_teacher_v1,-1.5,5.0,teacher-ce,3,5,0.0,0.75
0|tile=0|consumed=|from=-1|flags=0,0,0,0,False,True,0.75,topk,3,-1.1737244129180908,-0.9681776762008667,1.25,reports/keqingrl_discard_research_20260425_candidates_checkpoint_rerun/configs/rerun_000_source_93/policy_final.pt,689ed3bc4eacbde87049309fe6a37182cffa1baa03338b8ed653ebab516854fc,0.2,"{""entropy_coef"":0.01,""lr"":3e-05,""opponent_mode"":""rulebase"",""rule_kl_coef"":0.01}",rulebase/rule_kl=0.01/entropy=0.01/lr=3e-05,reports/keqingrl_discard_research_20260425_candidates_checkpoint_rerun/configs/rerun_000_source_93/config.json,0.0,0.0,0.0,3.0,0.75,topk,3,0.01,e0f275d9,3,1,11,0.0,3,0.003,-1.304640769958496,-0.42416059970855713,rulebase,zero,0,3.0,0.6686996221542358,tempered_current_logits,0,-1.3923382759094238,0.0,0.0,0.25,keqingrl_rule_score_scale_v1,False,0.03329259157180786,2,93,128,support-only-topk,0|tile=7|consumed=|from=-1|flags=0,6,1,0.043888622921347875,True,False,True,True,True,keqingrl_topk_teacher_v1,1.0503957271575928,1000000000.0,0.0,0.12721341848373413,True,0.0,"[6,0,1]","[""0|tile=7|consumed=|from=-1|flags=0"",""0|tile=0|consumed=|from=-1|flags=0"",""0|tile=1|consumed=|from=-1|flags=0""]","[0.0,-3.0,-3.00099993]",1.0,mortal-discard-q,topk_distribution,0.25,3,"[0.47911456,0.2880362,0.23284918]","[-0.92236859,-1.049582,-1.10275578]",mortal_discard_teacher_v1,-1.5,5.0,teacher-ce,3,5,0.0,0.75
0|tile=4|consumed=|from=-1|flags=1,3,0,0,False,True,0.75,topk,3,-1.8087618350982666,-1.0506339073181152,1.25,reports/keqingrl_discard_research_20260425_candidates_checkpoint_rerun/configs/rerun_000_source_93/policy_final.pt,689ed3bc4eacbde87049309fe6a37182cffa1baa03338b8ed653ebab516854fc,0.2,"{""entropy_coef"":0.01,""lr"":3e-05,""opponent_mode"":""rulebase"",""rule_kl_coef"":0.01}",rulebase/rule_kl=0.01/entropy=0.01/lr=3e-05,reports/keqingrl_discard_research_20260425_candidates_checkpoint_rerun/configs/rerun_000_source_93/config.json,0.0,0.0,0.0,3.0,0.75,topk,3,0.01,e0f275d9,3,1,11,0.0,3,0.003,-0.7183517217636108,-0.39423608779907227,rulebase,zero,0,3.0,0.6687660813331604,tempered_current_logits,0,-1.4448699951171875,0.0,0.0,0.25,keqingrl_rule_score_scale_v1,True,0.6687660813331604,1,93,144,support-only-topk,0|tile=1|consumed=|from=-1|flags=0,0,2,0.931059097457114,True,False,True,True,True,keqingrl_topk_teacher_v1,0.07573932409286499,1000000000.0,0.0,1.0609607696533203,False,0.0,"[3,0,1]","[""0|tile=4|consumed=|from=-1|flags=1"",""0|tile=1|consumed=|from=-1|flags=0"",""0|tile=20|consumed=|from=-1|flags=0""]","[0.0,-3.0,-3.00099993]",2.0,mortal-discard-q,topk_distribution,0.25,3,"[0.01414716,0.9857049,0.00014797]","[-0.50013322,0.56082761,-1.64020169]",mortal_discard_teacher_v1,-1.5,5.0,teacher-ce,3,5,0.0,0.75
0|tile=20|consumed=|from=-1|flags=0,1,0,0,False,True,0.75,topk,3,-2.208984375,-1.1026006937026978,1.25,reports/keqingrl_discard_research_20260425_candidates_checkpoint_rerun/configs/rerun_000_source_93/policy_final.pt,689ed3bc4eacbde87049309fe6a37182cffa1baa03338b8ed653ebab516854fc,0.2,"{""entropy_coef"":0.01,""lr"":3e-05,""opponent_mode"":""rulebase"",""rule_kl_coef"":0.01}",rulebase/rule_kl=0.01/entropy=0.01/lr=3e-05,reports/keqingrl_discard_research_20260425_candidates_checkpoint_rerun/configs/rerun_000_source_93/config.json,0.0,0.0,0.0,3.000999927520752,0.75,topk,3,0.01,e0f275d9,3,1,11,0.0,3,0.003,-1.3171902894973755,-0.39739930629730225,rulebase,zero,0,3.0,0.6686554551124573,tempered_current_logits,0,-1.5,-1.5,0.0,0.25,keqingrl_rule_score_scale_v1,False,0.033257123082876205,3,93,160,support-only-topk,0|tile=17|consumed=|from=-1|flags=0,8,1,0.39801882153182544,True,False,True,True,True,keqingrl_topk_teacher_v1,0.6613439321517944,1000000000.0,0.0,0.14946353435516357,True,0.0,"[8,0,1]","[""0|tile=17|consumed=|from=-1|flags=0"",""0|tile=1|consumed=|from=-1|flags=0"",""0|tile=20|consumed=|from=-1|flags=0""]","[0.0,-3.0,-3.00099993]",1.0,mortal-discard-q,topk_distribution,0.25,3,"[0.64412212,0.35426107,0.00161681]","[0.20186149,0.05239796,-1.2949971]",mortal_discard_teacher_v1,-1.5,5.0,teacher-ce,3,5,0.0,0.75
0|tile=11|consumed=|from=-1|flags=0,2,0,0,False,True,0.75,topk,3,-0.08389932662248611,-0.8266696929931641,1.25,reports/keqingrl_discard_research_20260425_candidates_checkpoint_rerun/configs/rerun_000_source_93/policy_final.pt,689ed3bc4eacbde87049309fe6a37182cffa1baa03338b8ed653ebab516854fc,0.2,"{""entropy_coef"":0.01,""lr"":3e-05,""opponent_mode"":""rulebase"",""rule_kl_coef"":0.01}",rulebase/rule_kl=0.01/entropy=0.01/lr=3e-05,reports/keqingrl_discard_research_20260425_candidates_checkpoint_rerun/configs/rerun_000_source_93/config.json,0.0,0.0,0.0,3.002000093460083,0.75,topk,3,0.01,8f65ec87,3,1,13,0.0,3,0.003,-1.3527555465698242,-0.12933096289634705,rulebase,zero,0,3.000999927520752,0.6275189518928528,tempered_current_logits,0,-0.9560006856918335,0.0,0.0,0.25,keqingrl_rule_score_scale_v1,False,0.03117990493774414,3,93,0,support-only-topk,0|tile=18|consumed=|from=-1|flags=0,0,1,0.9967852310381118,True,False,True,True,True,keqingrl_topk_teacher_v1,0.003531784750521183,1000000000.0,0.0,1.9570378065109253,True,0.0,"[0,1,2]","[""0|tile=18|consumed=|from=-1|flags=0"",""0|tile=10|consumed=|from=-1|flags=0"",""0|tile=11|consumed=|from=-1|flags=0""]","[0.0,-3.00099993,-3.00200009]",1.0,mortal-discard-q,topk_distribution,0.25,3,"[0.99960071,0.0003982,1.11e-06]","[-0.15280661,-2.10984445,-3.58035779]",mortal_discard_teacher_v1,-1.5,5.0,teacher-ce,3,5,0.0,0.75
0|tile=18|consumed=|from=-1|flags=0,0,0,0,False,True,0.75,topk,3,0.6507583856582642,-0.7312783002853394,1.25,reports/keqingrl_discard_research_20260425_candidates_checkpoint_rerun/configs/rerun_000_source_93/policy_final.pt,689ed3bc4eacbde87049309fe6a37182cffa1baa03338b8ed653ebab516854fc,0.2,"{""entropy_coef"":0.01,""lr"":3e-05,""opponent_mode"":""rulebase"",""rule_kl_coef"":0.01}",rulebase/rule_kl=0.01/entropy=0.01/lr=3e-05,reports/keqingrl_discard_research_20260425_candidates_checkpoint_rerun/configs/rerun_000_source_93/config.json,0.0,0.0,0.0,3.000999927520752,0.75,topk,3,0.01,8f65ec87,3,1,13,0.0,3,0.003,-0.7310646772384644,-0.26128625869750977,rulebase,zero,0,3.000999927520752,0.6275189518928528,tempered_current_logits,0,-0.9925645589828491,0.0,0.0,0.25,keqingrl_rule_score_scale_v1,True,0.6275189518928528,1,93,16,support-only-topk,0|tile=10|consumed=|from=-1|flags=0,1,2,0.3749125960250126,True,False,True,True,True,keqingrl_topk_teacher_v1,0.6867287158966064,1000000000.0,0.0,0.0568380281329155,False,0.0,"[0,1,2]","[""0|tile=18|consumed=|from=-1|flags=0"",""0|tile=10|consumed=|from=-1|flags=0"",""0|tile=20|consumed=|from=-1|flags=0""]","[0.0,-3.00099993,-3.00200009]",2.0,mortal-discard-q,topk_distribution,0.25,3,"[0.44340548,0.55659443,7e-08]","[0.09581272,0.15265074,-3.82391357]",mortal_discard_teacher_v1,-1.5,5.0,teacher-ce,3,5,0.0,0.75
0|tile=21|consumed=|from=-1|flags=0,2,0,0,False,True,0.75,topk,3,1.2455705404281616,-0.6540451049804688,1.25,reports/keqingrl_discard_research_20260425_candidates_checkpoint_rerun/configs/rerun_000_source_93/policy_final.pt,689ed3bc4eacbde87049309fe6a37182cffa1baa03338b8ed653ebab516854fc,0.2,"{""entropy_coef"":0.01,""lr"":3e-05,""opponent_mode"":""rulebase"",""rule_kl_coef"":0.01}",rulebase/rule_kl=0.01/entropy=0.01/lr=3e-05,reports/keqingrl_discard_research_20260425_candidates_checkpoint_rerun/configs/rerun_000_source_93/config.json,0.0,0.0,0.0,3.002000093460083,0.75,topk,3,0.01,8f65ec87,3,1,12,0.0,3,0.003,-1.377227544784546,-0.37122172117233276,rulebase,zero,0,3.000999927520752,0.6475072503089905,tempered_current_logits,0,-1.0252668857574463,0.0,0.0,0.25,keqingrl_rule_score_scale_v1,False,0.032173074781894684,3,93,32,support-only-topk,0|tile=10|consumed=|from=-1|flags=0,0,1,0.9994643943749377,True,False,True,True,True,keqingrl_topk_teacher_v1,0.0005884229321964085,1000000000.0,0.0,2.4863076210021973,True,0.0,"[0,1,2]","[""0|tile=10|consumed=|from=-1|flags=0"",""0|tile=20|consumed=|from=-1|flags=0"",""0|tile=21|consumed=|from=-1|flags=0""]","[0.0,-3.00099993,-3.00200009]",1.0,mortal-discard-q,topk_distribution,0.25,3,"[0.99994731,4.8e-06,4.795e-05]","[0.6727491,-2.38877773,-1.81355858]",mortal_discard_teacher_v1,-1.5,5.0,teacher-ce,3,5,0.0,0.75
0|tile=10|consumed=|from=-1|flags=0,0,0,0,False,True,0.75,topk,3,0.5367777943611145,-0.7460780739784241,1.25,reports/keqingrl_discard_research_20260425_candidates_checkpoint_rerun/configs/rerun_000_source_93/policy_final.pt,689ed3bc4eacbde87049309fe6a37182cffa1baa03338b8ed653ebab516854fc,0.2,"{""entropy_coef"":0.01,""lr"":3e-05,""opponent_mode"":""rulebase"",""rule_kl_coef"":0.01}",rulebase/rule_kl=0.01/entropy=0.01/lr=3e-05,reports/keqingrl_discard_research_20260425_candidates_checkpoint_rerun/configs/rerun_000_source_93/config.json,0.0,0.0,0.0,3.000999927520752,0.75,topk,3,0.01,8f65ec87,3,1,11,0.0,3,0.003,-0.7335831522941589,-0.3164926767349243,rulebase,zero,0,3.000999927520752,0.6688328385353088,tempered_current_logits,0,-1.0625708103179932,0.0,0.0,0.25,keqingrl_rule_score_scale_v1,True,0.6688328385353088,1,93,48,support-only-topk,0|tile=10|consumed=|from=-1|flags=0,0,1,0.3796518337798839,True,False,True,True,True,keqingrl_topk_teacher_v1,0.6815221309661865,1000000000.0,0.0,0.14866995811462402,True,0.0,"[0,1,2]","[""0|tile=10|consumed=|from=-1|flags=0"",""0|tile=20|consumed=|from=-1|flags=0"",""0|tile=13|consumed=|from=-1|flags=0""]","[0.0,-3.00099993,-3.00200009]",1.0,mortal-discard-q,topk_distribution,0.25,3,"[0.64086848,0.35359222,0.00553929]","[0.49149197,0.34282202,-0.6962477]",mortal_discard_teacher_v1,-1.5,5.0,teacher-ce,3,5,0.0,0.75
0|tile=31|consumed=|from=-1|flags=0,7,0,0,False,True,0.75,topk,3,1.864153504371643,-0.5737254023551941,1.25,reports/keqingrl_discard_research_20260425_candidates_checkpoint_rerun/configs/rerun_000_source_93/policy_final.pt,689ed3bc4eacbde87049309fe6a37182cffa1baa03338b8ed653ebab516854fc,0.2,"{""entropy_coef"":0.01,""lr"":3e-05,""opponent_mode"":""rulebase"",""rule_kl_coef"":0.01}",rulebase/rule_kl=0.01/entropy=0.01/lr=3e-05,reports/keqingrl_discard_research_20260425_candidates_checkpoint_rerun/configs/rerun_000_source_93/config.json,0.0,0.0,0.0,3.0,0.75,topk,3,0.01,8f65ec87,3,1,10,0.0,3,0.003,-0.7341426014900208,-0.5175315737724304,rulebase,zero,0,3.0,0.6914684772491455,tempered_current_logits,0,-1.0912569761276245,0.0,0.0,0.25,keqingrl_rule_score_scale_v1,True,0.6914684772491455,1,93,64,support-only-topk,0|tile=20|consumed=|from=-1|flags=0,0,2,0.26848146471483625,True,False,True,True,True,keqingrl_topk_teacher_v1,0.8036552667617798,1000000000.0,0.0,0.39405304193496704,False,0.0,"[7,0,1]","[""0|tile=31|consumed=|from=-1|flags=0"",""0|tile=20|consumed=|from=-1|flags=0"",""0|tile=13|consumed=|from=-1|flags=0""]","[0.0,-3.0,-3.00099993]",3.0,mortal-discard-q,topk_distribution,0.25,3,"[0.14358874,0.70968008,0.14673117]","[-0.10125335,0.29821193,-0.09584112]",mortal_discard_teacher_v1,-1.5,5.0,teacher-ce,3,5,0.0,0.75
0|tile=22|consumed=|from=-1|flags=1,2,0,0,False,True,0.75,topk,3,1.6769697666168213,-0.5980302095413208,1.25,reports/keqingrl_discard_research_20260425_candidates_checkpoint_rerun/configs/rerun_000_source_93/policy_final.pt,689ed3bc4eacbde87049309fe6a37182cffa1baa03338b8ed653ebab516854fc,0.2,"{""entropy_coef"":0.01,""lr"":3e-05,""opponent_mode"":""rulebase"",""rule_kl_coef"":0.01}",rulebase/rule_kl=0.01/entropy=0.01/lr=3e-05,reports/keqingrl_discard_research_20260425_candidates_checkpoint_rerun/configs/rerun_000_source_93/config.json,0.0,0.0,0.0,3.002000093460083,0.75,topk,3,0.01,8f65ec87,3,1,10,0.0,3,0.003,-1.3173375129699707,-0.5231282711029053,rulebase,zero,0,3.000999927520752,0.6916345357894897,tempered_current_logits,0,-1.121158480644226,0.0,0.0,0.25,keqingrl_rule_score_scale_v1,False,0.03436565399169922,3,93,80,support-only-topk,0|tile=13|consumed=|from=-1|flags=0,1,2,0.32591922288480213,True,False,True,True,True,keqingrl_topk_teacher_v1,0.7405534386634827,1000000000.0,0.0,0.14245229959487915,False,0.0,"[0,1,2]","[""0|tile=20|consumed=|from=-1|flags=0"",""0|tile=13|consumed=|from=-1|flags=0"",""0|tile=22|consumed=|from=-1|flags=1""]","[0.0,-3.00099993,-3.00200009]",2.0,mortal-discard-q,topk_distribution,0.25,3,"[0.35389334,0.62565851,0.02044811]","[0.08470249,0.22715479,-0.62807381]",mortal_discard_teacher_v1,-1.5,5.0,teacher-ce,3,5,0.0,0.75
0|tile=1|consumed=|from=-1|flags=1,0,0,0,False,True,0.75,topk,3,1.2053608894348145,-0.6592661142349243,1.25,reports/keqingrl_discard_research_20260425_candidates_checkpoint_rerun/configs/rerun_000_source_93/policy_final.pt,689ed3bc4eacbde87049309fe6a37182cffa1baa03338b8ed653ebab516854fc,0.2,"{""entropy_coef"":0.01,""lr"":3e-05,""opponent_mode"":""rulebase"",""rule_kl_coef"":0.01}",rulebase/rule_kl=0.01/entropy=0.01/lr=3e-05,reports/keqingrl_discard_research_20260425_candidates_checkpoint_rerun/configs/rerun_000_source_93/config.json,0.0,0.0,0.0,3.000999927520752,0.75,topk,3,0.01,8f65ec87,3,1,10,0.0,3,0.003,-0.7365379929542542,-0.49485570192337036,rulebase,zero,0,3.000999927520752,0.6916345357894897,tempered_current_logits,0,-1.1541218757629395,0.0,0.0,0.25,keqingrl_rule_score_scale_v1,True,0.6916345357894897,1,93,96,support-only-topk,0|tile=20|consumed=|from=-1|flags=0,1,2,0.8380480028490115,True,False,True,True,True,keqingrl_topk_teacher_v1,0.17792245745658875,1000000000.0,0.0,0.9617154002189636,False,0.0,"[0,1,2]","[""0|tile=1|consumed=|from=-1|flags=1"",""0|tile=20|consumed=|from=-1|flags=0"",""0|tile=13|consumed=|from=-1|flags=0""]","[0.0,-3.00099993,-3.00200009]",2.0,mortal-discard-q,topk_distribution,0.25,3,"[0.02058676,0.96440357,0.01500971]","[-0.42486167,0.53685373,-0.50384945]",mortal_discard_teacher_v1,-1.5,5.0,teacher-ce,3,5,0.0,0.75
0|tile=20|consumed=|from=-1|flags=0,0,0,0,False,True,0.75,topk,3,0.6055120825767517,-0.7371532917022705,1.25,reports/keqingrl_discard_research_20260425_candidates_checkpoint_rerun/configs/rerun_000_source_93/policy_final.pt,689ed3bc4eacbde87049309fe6a37182cffa1baa03338b8ed653ebab516854fc,0.2,"{""entropy_coef"":0.01,""lr"":3e-05,""opponent_mode"":""rulebase"",""rule_kl_coef"":0.01}",rulebase/rule_kl=0.01/entropy=0.01/lr=3e-05,reports/keqingrl_discard_research_20260425_candidates_checkpoint_rerun/configs/rerun_000_source_93/config.json,0.0,0.0,0.0,3.000999927520752,0.75,topk,3,0.01,8f65ec87,3,1,10,0.0,3,0.003,-0.7529510855674744,-0.4538261890411377,rulebase,zero,0,3.000999927520752,0.6916345357894897,tempered_current_logits,0,-1.1909794807434082,0.0,0.0,0.25,keqingrl_rule_score_scale_v1,True,0.6916345357894897,1,93,112,support-only-topk,0|tile=20|consumed=|from=-1|flags=0,0,1,0.9476101062216005,True,False,True,True,True,keqingrl_topk_teacher_v1,0.05755618214607239,1000000000.0,0.0,1.1636871099472046,True,0.0,"[0,1,2]","[""0|tile=20|consumed=|from=-1|flags=0"",""0|tile=13|consumed=|from=-1|flags=0"",""0|tile=6|consumed=|from=-1|flags=0""]","[0.0,-3.00099993,-3.00200009]",1.0,mortal-discard-q,topk_distribution,0.25,3,"[0.99008685,0.00049109,0.00942197]","[0.85857022,-1.04365885,-0.30511692]",mortal_discard_teacher_v1,-1.5,5.0,teacher-ce,3,5,0.0,0.75
0|tile=26|consumed=|from=-1|flags=1,6,0,0,False,True,0.75,topk,3,0.5484586358070374,-0.7445613741874695,1.25,reports/keqingrl_discard_research_20260425_candidates_checkpoint_rerun/configs/rerun_000_source_93/policy_final.pt,689ed3bc4eacbde87049309fe6a37182cffa1baa03338b8ed653ebab516854fc,0.2,"{""entropy_coef"":0.01,""lr"":3e-05,""opponent_mode"":""rulebase"",""rule_kl_coef"":0.01}",rulebase/rule_kl=0.01/entropy=0.01/lr=3e-05,reports/keqingrl_discard_research_20260425_candidates_checkpoint_rerun/configs/rerun_000_source_93/config.json,0.0,0.0,0.0,3.0,0.75,topk,3,0.01,8f65ec87,3,1,9,0.0,3,0.003,-0.7269803285598755,-0.4836461544036865,rulebase,zero,0,3.0,0.7159184217453003,tempered_current_logits,0,-1.2282075881958008,0.0,0.0,0.25,keqingrl_rule_score_scale_v1,True,0.7159184217453003,1,93,128,support-only-topk,0|tile=6|consumed=|from=-1|flags=0,1,3,0.026978368085862736,True,False,True,True,True,keqingrl_topk_teacher_v1,1.0689735412597656,1000000000.0,0.0,0.01110231876373291,False,0.0,"[6,0,1]","[""0|tile=26|consumed=|from=-1|flags=1"",""0|tile=13|consumed=|from=-1|flags=0"",""0|tile=6|consumed=|from=-1|flags=0""]","[0.0,-3.0,-3.00099993]",3.0,mortal-discard-q,topk_distribution,0.25,3,"[0.22283955,0.37995335,0.39720705]","[-0.62151611,-0.48811701,-0.47701469]",mortal_discard_teacher_v1,-1.5,5.0,teacher-ce,3,5,0.0,0.75
0|tile=25|consumed=|from=-1|flags=0,4,0,0,False,True,0.75,topk,3,0.540944516658783,-0.7455370426177979,1.25,reports/keqingrl_discard_research_20260425_candidates_checkpoint_rerun/configs/rerun_000_source_93/policy_final.pt,689ed3bc4eacbde87049309fe6a37182cffa1baa03338b8ed653ebab516854fc,0.2,"{""entropy_coef"":0.01,""lr"":3e-05,""opponent_mode"":""rulebase"",""rule_kl_coef"":0.01}",rulebase/rule_kl=0.01/entropy=0.01/lr=3e-05,reports/keqingrl_discard_research_20260425_candidates_checkpoint_rerun/configs/rerun_000_source_93/config.json,0.0,0.0,0.0,3.0,0.75,topk,3,0.01,8f65ec87,3,1,9,0.0,3,0.003,-0.7221551537513733,-0.519947350025177,rulebase,zero,0,3.0,0.7159692049026489,tempered_current_logits,0,-1.26548433303833,0.0,0.0,0.25,keqingrl_rule_score_scale_v1,True,0.7159692049026489,1,93,144,support-only-topk,0|tile=25|consumed=|from=-1|flags=0,4,1,0.47814363505916124,True,False,True,True,True,keqingrl_topk_teacher_v1,0.57331782579422,1000000000.0,0.0,0.5266785621643066,True,0.0,"[4,0,1]","[""0|tile=25|consumed=|from=-1|flags=0"",""0|tile=13|consumed=|from=-1|flags=0"",""0|tile=6|consumed=|from=-1|flags=0""]","[0.0,-3.0,-3.00099993]",1.0,mortal-discard-q,topk_distribution,0.25,3,"[0.82896519,0.07020196,0.10083282]","[0.51402974,-0.10317077,-0.01264884]",mortal_discard_teacher_v1,-1.5,5.0,teacher-ce,3,5,0.0,0.75
0|tile=5|consumed=|from=-1|flags=1,1,0,0,False,True,0.75,topk,3,0.36654847860336304,-0.7681814432144165,1.25,reports/keqingrl_discard_research_20260425_candidates_checkpoint_rerun/configs/rerun_000_source_93/policy_final.pt,689ed3bc4eacbde87049309fe6a37182cffa1baa03338b8ed653ebab516854fc,0.2,"{""entropy_coef"":0.01,""lr"":3e-05,""opponent_mode"":""rulebase"",""rule_kl_coef"":0.01}",rulebase/rule_kl=0.01/entropy=0.01/lr=3e-05,reports/keqingrl_discard_research_20260425_candidates_checkpoint_rerun/configs/rerun_000_source_93/config.json,0.0,0.0,0.0,3.000999927520752,0.75,topk,3,0.01,8f65ec87,3,1,9,0.0,3,0.003,-1.3494627475738525,-0.5357120037078857,rulebase,zero,0,3.000999927520752,0.7160711288452148,tempered_current_logits,0,-1.3038934469223022,0.0,0.0,0.25,keqingrl_rule_score_scale_v1,False,0.035615455359220505,2,93,160,support-only-topk,0|tile=5|consumed=|from=-1|flags=1,1,2,0.1478330541759243,True,False,True,True,True,keqingrl_topk_teacher_v1,0.9362010955810547,1000000000.0,0.0,0.1773209571838379,False,0.0,"[0,1,2]","[""0|tile=13|consumed=|from=-1|flags=0"",""0|tile=5|consumed=|from=-1|flags=1"",""0|tile=6|consumed=|from=-1|flags=0""]","[0.0,-3.00099993,-3.00200009]",2.0,mortal-discard-q,topk_distribution,0.25,3,"[0.28734747,0.5840438,0.12860873]","[0.34801346,0.52533442,0.14703409]",mortal_discard_teacher_v1,-1.5,5.0,teacher-ce,3,5,0.0,0.75
0|tile=13|consumed=|from=-1|flags=0,1,0,0,False,True,0.75,topk,3,0.6451236009597778,-0.7320099472999573,1.25,reports/keqingrl_discard_research_20260425_candidates_checkpoint_rerun/configs/rerun_000_source_93/policy_final.pt,689ed3bc4eacbde87049309fe6a37182cffa1baa03338b8ed653ebab516854fc,0.2,"{""entropy_coef"":0.01,""lr"":3e-05,""opponent_mode"":""rulebase"",""rule_kl_coef"":0.01}",rulebase/rule_kl=0.01/entropy=0.01/lr=3e-05,reports/keqingrl_discard_research_20260425_candidates_checkpoint_rerun/configs/rerun_000_source_93/config.json,0.0,0.0,0.0,3.0,0.75,topk,3,0.01,8f65ec87,3,1,9,0.0,3,0.003,-0.7428221106529236,-0.6084840297698975,rulebase,zero,0,3.0,0.7160456776618958,tempered_current_logits,0,-1.34049391746521,0.0,0.0,0.25,keqingrl_rule_score_scale_v1,True,0.7160456776618958,1,93,176,support-only-topk,0|tile=13|consumed=|from=-1|flags=0,1,1,0.3251037779784952,True,False,True,True,True,keqingrl_topk_teacher_v1,0.7414492964744568,1000000000.0,0.0,0.2640794813632965,True,0.0,"[1,0,2]","[""0|tile=13|consumed=|from=-1|flags=0"",""0|tile=1|consumed=|from=-1|flags=1"",""0|tile=6|consumed=|from=-1|flags=0""]","[0.0,-3.0,-3.00200009]",1.0,mortal-discard-q,topk_distribution,0.25,3,"[0.70472628,0.24505717,0.05021651]","[0.52478778,0.2607083,-0.13557866]",mortal_discard_teacher_v1,-1.5,5.0,teacher-ce,3,5,0.0,0.75
0|tile=1|consumed=|from=-1|flags=0,0,0,0,False,True,0.75,topk,3,0.4312330484390259,-0.7597824931144714,1.25,reports/keqingrl_discard_research_20260425_candidates_checkpoint_rerun/configs/rerun_000_source_93/policy_final.pt,689ed3bc4eacbde87049309fe6a37182cffa1baa03338b8ed653ebab516854fc,0.2,"{""entropy_coef"":0.01,""lr"":3e-05,""opponent_mode"":""rulebase"",""rule_kl_coef"":0.01}",rulebase/rule_kl=0.01/entropy=0.01/lr=3e-05,reports/keqingrl_discard_research_20260425_candidates_checkpoint_rerun/configs/rerun_000_source_93/config.json,0.0,0.0,0.0,3.0,0.75,topk,3,0.01,8f65ec87,3,1,9,0.0,3,0.003,-1.3854222297668457,-0.6187006235122681,rulebase,zero,0,3.0,0.7160456776618958,tempered_current_logits,0,-1.3784830570220947,0.0,0.0,0.25,keqingrl_rule_score_scale_v1,False,0.03564981371164322,2,93,192,support-only-topk,0|tile=23|consumed=|from=-1|flags=1,1,1,0.5324590476297952,True,False,True,True,True,keqingrl_topk_teacher_v1,0.5136462450027466,1000000000.0,0.0,0.5925241112709045,True,0.0,"[1,0,2]","[""0|tile=23|consumed=|from=-1|flags=1"",""0|tile=1|consumed=|from=-1|flags=0"",""0|tile=6|consumed=|from=-1|flags=0""]","[0.0,-3.0,-3.00200009]",1.0,mortal-discard-q,topk_distribution,0.25,3,"[0.85501415,0.06506616,0.07991964]","[0.97674114,0.33281279,0.38421702]",mortal_discard_teacher_v1,-1.5,5.0,teacher-ce,3,5,0.0,0.75
0|tile=32|consumed=|from=-1|flags=1,6,0,0,False,True,0.75,topk,3,-0.35064437985420227,-0.8613051176071167,1.25,reports/keqingrl_discard_research_20260425_candidates_checkpoint_rerun/configs/rerun_000_source_93/policy_final.pt,689ed3bc4eacbde87049309fe6a37182cffa1baa03338b8ed653ebab516854fc,0.2,"{""entropy_coef"":0.01,""lr"":3e-05,""opponent_mode"":""rulebase"",""rule_kl_coef"":0.01}",rulebase/rule_kl=0.01/entropy=0.01/lr=3e-05,reports/keqingrl_discard_research_20260425_candidates_checkpoint_rerun/configs/rerun_000_source_93/config.json,0.0,0.0,0.0,3.0,0.75,topk,3,0.01,8f65ec87,3,1,9,0.0,3,0.003,-0.7454317212104797,-0.5602432489395142,rulebase,zero,0,3.0,0.7159184217453003,tempered_current_logits,0,-1.4215483665466309,0.0,0.0,0.25,keqingrl_rule_score_scale_v1,True,0.7159184217453003,1,93,208,support-only-topk,0|tile=23|consumed=|from=-1|flags=0,0,2,0.6039137232161884,True,False,True,True,True,keqingrl_topk_teacher_v1,0.4351452589035034,1000000000.0,0.0,0.5921658277511597,False,0.0,"[6,0,1]","[""0|tile=32|consumed=|from=-1|flags=1"",""0|tile=23|consumed=|from=-1|flags=0"",""0|tile=6|consumed=|from=-1|flags=0""]","[0.0,-3.0,-3.00099993]",2.0,mortal-discard-q,topk_distribution,0.25,3,"[0.08255719,0.88196701,0.03547577]","[0.27666545,0.86883128,0.06550507]",mortal_discard_teacher_v1,-1.5,5.0,teacher-ce,3,5,0.0,0.75
0|tile=23|consumed=|from=-1|flags=0,0,0,0,False,True,0.75,topk,3,-0.390860915184021,-0.8665270209312439,1.25,reports/keqingrl_discard_research_20260425_candidates_checkpoint_rerun/configs/rerun_000_source_93/policy_final.pt,689ed3bc4eacbde87049309fe6a37182cffa1baa03338b8ed653ebab516854fc,0.2,"{""entropy_coef"":0.01,""lr"":3e-05,""opponent_mode"":""rulebase"",""rule_kl_coef"":0.01}",rulebase/rule_kl=0.01/entropy=0.01/lr=3e-05,reports/keqingrl_discard_research_20260425_candidates_checkpoint_rerun/configs/rerun_000_source_93/config.json,0.0,0.0,0.0,3.000999927520752,0.75,topk,3,0.01,8f65ec87,3,1,9,0.0,3,0.003,-0.7723379731178284,-0.5983476638793945,rulebase,zero,0,3.000999927520752,0.7160711288452148,tempered_current_logits,0,-1.4648747444152832,0.0,0.0,0.25,keqingrl_rule_score_scale_v1,True,0.7160711288452148,1,93,224,support-only-topk,0|tile=23|consumed=|from=-1|flags=0,0,1,0.44817215555672263,True,False,True,True,True,keqingrl_topk_teacher_v1,0.6062448620796204,1000000000.0,0.0,0.29447388648986816,True,0.0,"[0,1,2]","[""0|tile=23|consumed=|from=-1|flags=0"",""0|tile=6|consumed=|from=-1|flags=0"",""0|tile=15|consumed=|from=-1|flags=0""]","[0.0,-3.00099993,-3.00200009]",1.0,mortal-discard-q,topk_distribution,0.25,3,"[0.75498921,0.01252991,0.23248085]","[0.83665967,-0.18798651,0.54218578]",mortal_discard_teacher_v1,-1.5,5.0,teacher-ce,3,5,0.0,0.75
0|tile=18|consumed=|from=-1|flags=1,0,0,0,False,True,0.75,topk,3,0.8723480105400085,-0.7025060653686523,1.25,reports/keqingrl_discard_research_20260425_candidates_checkpoint_rerun/configs/rerun_000_source_93/policy_final.pt,689ed3bc4eacbde87049309fe6a37182cffa1baa03338b8ed653ebab516854fc,0.2,"{""entropy_coef"":0.01,""lr"":3e-05,""opponent_mode"":""rulebase"",""rule_kl_coef"":0.01}",rulebase/rule_kl=0.01/entropy=0.01/lr=3e-05,reports/keqingrl_discard_research_20260425_candidates_checkpoint_rerun/configs/rerun_000_source_93/config.json,0.0,0.0,0.0,3.000999927520752,0.75,topk,3,0.01,8f65ec87,3,1,9,0.0,3,0.003,-0.726036548614502,-0.7974939346313477,rulebase,zero,0,3.000999927520752,0.7160711288452148,tempered_current_logits,0,-1.5,-1.5,0.0,0.25,keqingrl_rule_score_scale_v1,True,0.7160711288452148,1,93,240,support-only-topk,0|tile=18|consumed=|from=-1|flags=1,0,1,0.832334246038446,True,False,True,True,True,keqingrl_topk_teacher_v1,0.18419966101646423,1000000000.0,0.0,0.8315921425819397,True,0.0,"[0,1,2]","[""0|tile=18|consumed=|from=-1|flags=1"",""0|tile=6|consumed=|from=-1|flags=0"",""0|tile=15|consumed=|from=-1|flags=0""]","[0.0,-3.00099993,-3.00200009]",1.0,mortal-discard-q,topk_distribution,0.25,3,"[0.95995885,0.00555617,0.03448491]","[0.53999561,-0.74799967,-0.29159653]",mortal_discard_teacher_v1,-1.5,5.0,teacher-ce,3,5,0.0,0.75
